Recipe,Actual Calories,Predicted Calories,Absolute Error
Dijon Roasted Cauliflower,163,83.68064626284512,79.31935373715488
Picnic Macaroni Salad,611,418.0061606884621,192.9938393115379
Sweet Orange Tamales,231,262.60043066930893,31.600430669308935
"Rosemary, Bacon, and Tomato Frittata",325,316.64362663235863,8.356373367641368
Cheesy Baked Broccoli Bites,148,193.5020475568678,45.50204755686781
Hearty Cabbage-Rutabaga Slow Cooker Soup,236,212.57211286146952,23.42788713853048
Bed and Breakfast Baked Oatmeal,166,203.31635080068367,37.316350800683665
Old-Fashioned Apple Dumplings,899,413.70529104198204,485.29470895801796
Apple Raisin Cakes,198,235.91395278040122,37.91395278040122
Loaded Breakfast Skillet,418,423.65091846645623,5.650918466456233
Black Rice,266,299.00723171114953,33.00723171114953
Autumn Waldorf Salad,312,153.68976896897465,158.31023103102535
Burgers with Whipped Blueberry Goat Cheese,1146,531.1012333310728,614.8987666689272
Pressure Cooker Corned Beef,222,369.67995459590077,147.67995459590077
Spicy Chili French Fries,427,237.9115971431156,189.0884028568844
Cinnamon Belgian Waffles,380,354.86989066688784,25.13010933311216
Zucchini with Egg,213,198.0608211874585,14.939178812541513
War Cake,220,348.2731392206696,128.27313922066958
Better Than Sex Cake,236,532.1790463479683,296.1790463479683
Lunchbox Broccoli and Ham Salad,745,560.507285977105,184.49271402289503
My Mom&#39;s Swiss Steak,307,432.27342895397925,125.27342895397925
Christmas Cookie Cut Outs,282,306.675615405691,24.67561540569102
Easy Texas Chili,586,369.1031319567997,216.8968680432003
Greek Potato Stew,309,382.291565040638,73.29156504063798
Cinnamon-Zucchini Yeast Bread,157,164.19087305558554,7.190873055585541
Whole Wheat and Steel-Cut Oats Bread - A Long-Fermentation Bread,188,286.1531263214048,98.15312632140478
Chicken Milano,641,579.6506700231848,61.34932997681517
Cornflake Macaroons,148,229.00130820073724,81.00130820073724
Vampiros Mexicanos (Mexican Vampires),143,195.37039822578043,52.370398225780434
Full-of-Veggies Burritos,325,455.6961226637878,130.69612266378778
Crispy Southern Fried Chicken,806,663.5340695039507,142.46593049604928
Maple Granola,345,292.53461342917797,52.465386570822034
“Fish” and Chips,1252,551.4601409440038,700.5398590559962
Classic Chicken Salad,296,364.6756438495409,68.6756438495409
Brownie Cupcakes,242,209.40554141689125,32.59445858310875
4-Ingredient Irish Cabbage,99,314.39813054664745,215.39813054664745
Baked Ham,635,459.23395412576696,175.76604587423304
Carrot Halwa,288,336.12161024166414,48.12161024166414
Curried Egg Sandwiches,410,490.1979011710727,80.19790117107271
Basic Ham and Bean Soup,262,220.55633388369574,41.44366611630426
Banana Loaf,278,233.46275309079624,44.53724690920376
Fried Eggplant Parmesan,488,554.5253818788594,66.52538187885943
Apple Pancakes,322,303.5464531649939,18.45354683500608
Marry Me Chicken Pot Pie,642,768.977546296761,126.97754629676103
Sausage Balls,264,355.7438871231498,91.74388712314982
Fat Granny&#39;s Minestrone Soup,398,386.27074421383907,11.729255786160934
Easy Spanakopita,183,255.393680863158,72.39368086315801
Caprese Salad with Grilled Flank Steak,435,440.0941508149026,5.094150814902605
Chocolate Raspberry Blintzes,573,374.670228897062,198.32977110293803
Tomato Cucumber Salad with Mint,88,108.73461342595384,20.73461342595384
Strawberry Jargarita,195,192.05894629880316,2.941053701196836
Slow-Cooked Green Beans,124,174.22209885022414,50.22209885022414
Best Brunch Slab Pie,290,522.4682730337751,232.46827303377506
Chef John&#39;s Caramel Apple Pie,336,411.2380202691669,75.2380202691669
Unsloppy Joes,204,186.3291037010625,17.670896298937492
Grandma&#39;s Corn Chowder,255,242.79312558052803,12.206874419471973
Chicken Etouffee,480,492.6906782032446,12.690678203244602
The Ultimate Ribeye French Onion Soup,445,670.781741203717,225.78174120371705
"Barley, Shrimp, and Corn Salad",487,274.4923123228657,212.5076876771343
Caramel Macchiato Banana Bread,331,411.77097723276785,80.77097723276785
Nana&#39;s Fastnachts,107,350.2111212744744,243.2111212744744
Best Roast Beef,484,350.60128226405203,133.39871773594797
Bengali Dhal,224,288.0064160414987,64.00641604149871
Baked Skillet Pancake,434,340.3136633756097,93.68633662439032
Funfetti Cheesecake Sandwich Cookies,273,495.0243199471801,222.02431994718012
Roasted Veggie Antipasto,53,414.4222874279011,361.4222874279011
Bacon-Caramel Popcorn Balls,717,260.9220462526265,456.0779537473735
Lime Fluff,532,323.6024635495106,208.39753645048938
Dad&#39;s Creamy Cucumber Salad,320,170.9323630891789,149.0676369108211
Never Fail Fruit Cake,451,439.6888204417421,11.31117955825789
Caramelized Onion Dip,160,294.57534872325687,134.57534872325687
Shortcut Pierogies,526,557.7881992012723,31.788199201272278
Quinoa Cookies,188,265.7101197570546,77.7101197570546
Vegetarian Korma,462,293.74531534122946,168.25468465877054
Italian Tofu Meatballs,339,295.1113762971561,43.888623702843915
Apple Snicker Salad,103,269.9742655608381,166.9742655608381
Quick and Easy Baked Chicken Fajitas,430,378.041473896294,51.95852610370599
Frosted Pumpkin Bars,255,414.8177831735884,159.8177831735884
The Most Delicious Green Beans,315,179.30220452960208,135.69779547039792
Halfway Healthy Hanukkah Cupcakes,386,199.01125132992567,186.98874867007433
Spinach and Strawberry Salad,235,242.8250128202042,7.8250128202041935
Pimento Cheese Pasta Salad,341,605.1136065919297,264.11360659192974
Bow Tie Pasta Salad,317,333.0949818912148,16.094981891214786
Slow Cooker Chicken and Sausage Gumbo,447,371.31423219168494,75.68576780831506
Jalapeno Popper Quesadillas,473,336.4495418599404,136.55045814005962
Creamy Garlic Parmesan Chicken,1092,640.7619377035497,451.23806229645027
Honey Mustard Spaghetti,740,552.6253623428016,187.37463765719838
Citrus Mousse,420,268.94126701085133,151.05873298914867
Cracker Jack Cookies,186,251.97714329816773,65.97714329816773
Shredded Slow Cooker Green Chile Chicken,213,401.16158839981875,188.16158839981875
Instant Pot Buffalo Chicken Dip,243,280.45133902179504,37.451339021795036
Special Occasion Stuffed Crown Pork Roast,713,544.3613833211648,168.6386166788352
Orange Vinaigrette Dressing,95,126.38816040731497,31.38816040731497
Chocolate Peanut Butter Energy Balls,240,281.925860148006,41.925860148005995
Butternut Squash Soup With Sage and Sausage,292,419.0506324518142,127.05063245181418
Twice-Baked Potatoes for the Freezer,220,265.6144372918229,45.614437291822924
Easy Liver Pâté,80,213.15985438062938,133.15985438062938
Maryland Crab Cakes III,409,261.71024914892985,147.28975085107015
Slow Cooker 5-Mushroom Barley Soup,271,344.7665548941054,73.76655489410541
Garlic Dill New Potatoes,330,177.9484419439783,152.0515580560217
Pork Chop Foil Packets,445,473.96751372053575,28.96751372053575
Chef John&#39;s Ham and Cheese Calzones,895,527.1651780313586,367.83482196864145
Easy Tuna Pasta Salad,557,487.6001916568244,69.39980834317561
Slaw of Many Colors,261,269.340497203735,8.340497203735026
Sheet Pan Greek Salad Nachos,328,528.0976301598711,200.09763015987107
Spicy Lentil Soup,217,141.8469154301377,75.1530845698623
Easy Roasted Red Pepper Hummus,50,136.10564660681501,86.10564660681501
Instant Pot® Creamed Corn,197,213.64352308141827,16.643523081418266
Candy Apple Salad,301,272.1841402581178,28.815859741882207
Shelly&#39;s Meat Curry,542,409.15531442353785,132.84468557646215
Herbed and Spiced Roasted Beef Tenderloin,683,371.6205622008929,311.3794377991071
Chicken Potato Salad,340,434.63698539806285,94.63698539806285
Quick Potato Nachos,336,334.9651133948419,1.0348866051580785
Scarlett&#39;s Chicken Cacciatore,329,452.60124699112225,123.60124699112225
Air Fryer Maple-Miso Salmon,214,345.2776969988204,131.27769699882037
Lentil and Sausage Soup,353,484.968380459028,131.96838045902803
Korean Sushi,492,476.7281384900238,15.27186150997619
Best Ever Crab Cakes,216,286.51382728686303,70.51382728686303
Air Fryer Sriracha Fries,217,145.86724771824817,71.13275228175183
Pineapple Pound Cake,500,482.4178120748186,17.582187925181415
Bacon Apples,179,223.0957457470543,44.09574574705431
Chef John&#39;s Classic Strawberry Shortcake,408,525.0063548206292,117.00635482062921
Mango Ginger Rice,256,224.03425423927376,31.965745760726236
Halloween Skeleton Cookies,131,218.85838324565236,87.85838324565236
Knack,43,231.5697175657786,188.5697175657786
Zucchini Raisin Muffins,118,123.08689505579395,5.086895055793946
Sweet and Spicy Sesame Chicken,745,464.4108904162375,280.5891095837625
Smash Burger Taco,508,576.6675230892556,68.66752308925561
Pina Colada Cottage Cheese Bowl,244,195.29232055295267,48.707679447047326
Ground Turkey Burritos That Will Fool Your Kids,401,490.4860512475,89.48605124749997
Teriyaki Salmon Bowl,780,448.5156594380757,331.4843405619243
Baked Macaroni and Cheese,472,506.52401024372784,34.524010243727844
All Canadian Potato Salad,238,304.6592416220309,66.65924162203089
Peanut Butter Rice Krispie Treats,323,286.98858664867026,36.011413351329736
Pistachio Fluff Salad,381,295.1854133721465,85.81458662785349
Instant Pot® Pasta Bolognese,583,535.0596377834607,47.940362216539256
Grandma Randolph&#39;s Noodles,212,246.68056141188194,34.68056141188194
Mediterranean Pearl Couscous,146,297.762899013425,151.762899013425
Seasoned Pumpkin Seeds,164,233.8788557327735,69.8788557327735
Easy Cold Pasta Salad,297,328.62262610779305,31.622626107793053
"Orange, Tea, Bourbon-Brined Paprika Butter Turkey",508,501.6136792301875,6.386320769812528
Eggs Benedict with Salmon,223,391.24232077703937,168.24232077703937
Cheesy Baked Cauliflower Florets,231,267.15318422351186,36.15318422351186
Kimchi Fried Rice,532,465.4369970115489,66.5630029884511
Cacio e Pepe Taralli (Savory Italian Pretzels),77,325.67004255006213,248.67004255006213
Manhattan Clam Chowder II,176,191.62250839331384,15.622508393313836
Jam Filled Butter Cookies,82,154.41798884378824,72.41798884378824
White Chocolate Cheesecake with White Chocolate Brandy Sauce,596,497.9639339578254,98.03606604217458
Green Chile Chicken Casserole,420,426.34178806037875,6.341788060378747
"Easy, Cheesy Tortellini Bake",711,459.62061641525395,251.37938358474605
Pumpkin Spice Latte Bars,206,315.98219770315234,109.98219770315234
Mexican-Style Shredded Pork,520,398.3123963672088,121.6876036327912
Dijon-Tarragon Cream Chicken,310,423.5422132296712,113.54221322967118
"Air Fryer Beyond Meat Brats, Onions, and Peppers",269,246.6462905399086,22.35370946009141
Rolled Flank Steak,473,528.3495771334806,55.34957713348058
Easy Cottage Cheese Wrap,251,257.0636099546921,6.063609954692083
Shrimp Scampi with Pasta,511,562.7016453655674,51.7016453655674
English Muffin Bread,168,77.70242261118813,90.29757738881187
Air Fryer Puffed Butter Beans,116,273.8630569015016,157.86305690150158
Lazy Pierogi,529,453.52453153835813,75.47546846164187
Cochinita Pibil,222,278.611767817431,56.61176781743097
Amish White Bread,168,155.52801588074868,12.471984119251317
Korean-Style Bulgogi Beef Tacos,268,704.7344023019382,436.7344023019382
Diana&#39;s Hawaiian Bread Rolls,64,190.58540026348882,126.58540026348882
Mom&#39;s Au Gratin Potatoes,453,449.8212642392083,3.17873576079171
Vegan Italian Anise Christmas Cookies,100,106.0450586597207,6.045058659720695
Pretzel Crust,90,184.24287898678972,94.24287898678972
Sangria (Red),215,250.8825957995278,35.88259579952779
Savory Corn Muffins,240,183.4263164623191,56.57368353768089
Potato Chapati Bread,540,360.87003894826876,179.12996105173124
Fantastic Fennel Bruschetta,153,310.5018426470939,157.5018426470939
5 Ingredient Tiramisu,447,473.204754618953,26.204754618953018
Mexican Street Corn-Inspired Bean Salad,476,357.9341151669409,118.0658848330591
Quick Mushroom Ceviche,171,184.79805735056726,13.798057350567262
Italian Chicken Marinade,455,329.54995477635214,125.45004522364786
Fig-Prosciutto Bites,32,222.24305191276773,190.24305191276773
Chocolate Ganache Cake,471,460.82972764690453,10.17027235309547
Chamoyada,233,139.46459427216232,93.53540572783768
Basil Lemonade,89,109.3504207712259,20.3504207712259
Tex Mex Stir Fry,333,386.73163751500897,53.73163751500897
Black Walnut Ice Cream,253,314.7915772321915,61.791577232191514
Avocado Carbonara for Two,746,527.938179256296,218.06182074370395
Maple Pecan Pie II,890,578.515824046781,311.48417595321905
Gluten-Free Fried Oatmeal Bites,236,243.27301634642618,7.273016346426175
Barb&#39;s Broccoli-Cauliflower Salad,419,216.1378953134323,202.8621046865677
Air Fryer Breakfast Toad-in-the-Hole Tarts,446,298.6233174617489,147.3766825382511
Graham Cracker Pudding Pie,303,233.88596856004594,69.11403143995406
Blueberry Pie with Frozen Berries,467,301.49951034484155,165.50048965515845
Kiki&#39;s Spiced Habanero Peach Jam,75,84.0189336711539,9.018933671153903
Classic Cheese Fondue,215,213.3044166942695,1.6955833057305085
Hot Spinach and Artichoke Dip,70,280.98624332952454,210.98624332952454
Cherry Wink Bars,540,354.65087961736185,185.34912038263815
Hash Brown Potato Soup,642,376.6564753773762,265.3435246226238
Parmesan Roasted Cauliflower,135,187.01886175893304,52.01886175893304
Mock Chocolate Cookie Crust,279,253.60575361638323,25.394246383616775
A Simply Perfect Roast Turkey,828,524.0663828736044,303.9336171263956
Air Fryer Hush Puppies,85,96.71096244954376,11.710962449543757
Tortellini with Sausage and Peppers,463,343.44018997935996,119.55981002064004
Deep-Fried Turkey,603,708.778885498193,105.77888549819295
Gram&#39;s Chicken Pot Pie,798,451.58645420364246,346.41354579635754
Easy Creamy Hummus,70,189.28003563169628,119.28003563169628
Oven Baked Pulled Ham,399,334.2132816109427,64.78671838905728
Peach Salsa,118,47.43783761797751,70.56216238202249
Panang Curry with Tofu and Vegetables,765,396.13479643414814,368.86520356585186
Peanut Butter Trail Mix Bars,261,324.371312398495,63.37131239849498
Tasty Baked Mac and Cheese,455,508.96574617993366,53.96574617993366
Hearts of Palm Risotto,375,416.03496386456794,41.03496386456794
Eggnog Custard,261,231.3893534585572,29.610646541442804
Oliebollen (Dutch Doughnuts),270,348.7781264087008,78.77812640870081
Steak and Mushroom Tortellini Alfredo,431,759.8495169014642,328.8495169014642
Orzo and Chicken Stuffed Peppers,294,436.1554191611506,142.15541916115058
Summa Borscht,135,204.1814690382229,69.1814690382229
Mom&#39;s Cajun Hush Puppies,348,443.07960820429906,95.07960820429906
Strawberry Shortcake,430,478.09058142842656,48.09058142842656
Meaty Stuffed Pepper Casserole,512,565.6561751775901,53.65617517759006
Easy Pickled Jalapeño Peppers,13,0.9180446012573213,12.081955398742679
Pink Fluff,338,303.80849599898323,34.19150400101677
Poor Man&#39;s Crab Cakes,403,442.4999555171031,39.4999555171031
Asparagus Omelette,538,385.935585896896,152.064414103104
Easy Pineapple Fried Rice,239,342.6490970037035,103.6490970037035
Easy Zucchini Relish,34,96.12649788939787,62.12649788939787
Pecan Crusted Chocolate Truffle Pie,692,449.69374021461476,242.30625978538524
How to Make Pumpkin Cheesecake,893,500.63555510026026,392.36444489973974
Meringue Bones and Ghosts,87,157.79220484331918,70.79220484331918
Green Beans Almondine,154,128.98980790320866,25.010192096791343
Greek Baklava,393,292.1065050397954,100.89349496020458
The Queen&#39;s Christmas Pudding,717,543.2782429820243,173.72175701797573
Instant Pot Spinach and Artichoke Dip,439,214.86498391663997,224.13501608336003
Absolutely Delicious Green Bean Casserole from Scratch,283,413.7100506614212,130.71005066142118
Classic Beef Stuffed Peppers,595,467.5900481381716,127.4099518618284
Chicken Tortilla Soup in the Slow Cooker,308,469.10298432371303,161.10298432371303
Chef John&#39;s Chicken Tikka Masala,625,458.4674187156479,166.5325812843521
Classic Tuna Noodle Casserole,360,396.9099979679024,36.90999796790243
BBQ Chicken Salad,168,295.9134670092866,127.91346700928659
Pizza Salad,475,482.320512469875,7.320512469874984
Homemade Granola,367,291.81084817180243,75.18915182819757
Honey-Apple Turkey Brine,194,379.68592616061346,185.68592616061346
Hot Corned Beef and Cheese Sandwiches,534,597.8992141079841,63.89921410798411
Steak Sauce,29,116.5807815262316,87.5807815262316
Brian&#39;s Garlicky Prime Rib,603,429.96009019815824,173.03990980184176
Lamb Tagine,423,375.49565462705885,47.504345372941145
Quick Super-Delicious Zuppa Toscana,560,462.72669429075324,97.27330570924676
Pavlova with Winter Fruits,962,322.76623701742943,639.2337629825706
Dubai Chocolate Berry Trifle,431,373.9299653027473,57.07003469725271
Angela&#39;s Asian-Inspired Chicken Noodle Soup,218,342.146119496158,124.14611949615801
Make Ahead Breakfast Casserole,419,450.6164600326624,31.616460032662417
Flannery&#39;s Bacon Avocado Burritos,439,609.3205086639899,170.32050866398993
Fresh Peach Upside-Down Cake,137,251.33216411625304,114.33216411625304
Carrot Apple Pancakes,621,323.8695554699184,297.1304445300816
Prosciutto Wrapped Chicken Breasts with Orange-Cranberry Jus,459,267.25663617180635,191.74336382819365
Easy Mahi Mahi Fish Tacos,143,321.05977844591905,178.05977844591905
How to Make Sourdough Bread with Levain,301,282.9905178739947,18.00948212600531
Nichole&#39;s Pineapple Upside-Down Cake,727,427.6337953438038,299.3662046561962
Easy Biscuits,206,236.01193669284999,30.011936692849986
Crispiest Buttermilk Fried Chicken,538,533.5418183028825,4.4581816971175385
Maple-Bacon Biscuits,320,295.17951830421976,24.820481695780245
Slow Cooker Baked Beans with Ham Hock,363,385.9980865321045,22.99808653210448
Shredded Pork Fajita Tacos,455,530.1257081952278,75.12570819522784
Slow Cooked Collard Greens,124,140.66752036957908,16.66752036957908
Grandma McAndrews&#39; Irish Soda Bread,272,279.1394325431201,7.139432543120108
Summer Corn Salad with Asparagus,174,96.90732350189221,77.09267649810779
French Meringues,31,122.90522059873312,91.90522059873312
Smoked Gouda Mac and Cheese,329,407.3445120702605,78.34451207026052
Southern-Style Buttermilk Fried Chicken,480,547.939782524309,67.93978252430895
Glazed Corned Beef with Lentils,652,399.17090425656056,252.82909574343944
Chicken Chilaquiles,388,608.0366461784722,220.0366461784722
Tater Tot Hotdish,666,513.1987099840322,152.80129001596777
Ultimate High-Altitude Chocolate Chip Cookies,122,169.75614878085756,47.75614878085756
Creamy Garlic Pasta,543,528.0126896821968,14.987310317803235
Brown Sugar and Balsamic Glazed Pork Tenderloin,228,343.7167613623569,115.71676136235692
Easy One Pan Caesar Chicken Bake,518,529.9502342482635,11.950234248263541
Moose Milk,277,367.17658901884846,90.17658901884846
Zucchini Frittata,269,242.0428241398063,26.9571758601937
Nutty Strawberry Salad,179,274.7303707932904,95.73037079329038
Pumpkin French Toast Bake,305,267.64284362846456,37.35715637153544
Baked Chicken Schnitzel,383,436.6060686626069,53.6060686626069
German Apple Pancake,516,353.2548150319048,162.7451849680952
Aztec Chicken with Sweet Potato-Corn Mash,780,516.7386769924652,263.26132300753477
Cranberry Cashew Jumbles,103,291.69248110919875,188.69248110919875
Oven Roasted Pulled Pork and Barbecue Sauce,840,392.2395931769845,447.7604068230155
Mom&#39;s Margarine Cake,567,356.65555474438133,210.34444525561867
Pecan Raspberry Thumbprint Cookies,102,223.22429590960058,121.22429590960058
Greek Salad,265,280.3088679246953,15.308867924695278
Pumpkin Spice Latte Pancakes,407,395.4254721490548,11.574527850945174
Linguine Pasta with Shrimp and Tomatoes,520,601.4007062635121,81.40070626351212
Margarita Chicken Quesadillas,812,562.0380007484197,249.96199925158032
Chai Spice Monkey Bread,493,302.75000182846645,190.24999817153355
Weeknight Sauerbraten Meatballs,418,303.614944904819,114.38505509518097
Greek-Inspired Pork Chops,350,355.3839563667903,5.383956366790301
Creamy Sweet Potato Oatmeal,404,258.9531937643503,145.04680623564968
Buffalo Chicken Mac and Cheese,781,619.7826341256218,161.21736587437817
Beef Stroganoff for Instant Pot,536,499.9756553615702,36.024344638429795
Seattle Cream Cheese Dogs,533,438.7509372588349,94.24906274116512
Tempeh Mock Tuna Salad,128,267.7087221316817,139.70872213168172
3-Ingredient Parmesan Cookies,54,181.70482393911817,127.70482393911817
Easy Pavlova,373,253.55482442883692,119.44517557116308
Chocolate-Peppermint Coffee Creamer,71,108.68949301071281,37.68949301071281
Jeanie&#39;s Falafel,317,218.20077645680706,98.79922354319294
BBQ Country-Style Pork Ribs - Sous Vide,278,453.73654721779434,175.73654721779434
Chef John&#39;s Chocolate Granola,128,248.25688872550808,120.25688872550808
Creamy Sun-Dried Tomato and Basil Pasta,664,678.7095531535053,14.70955315350534
Chef John&#39;s Shakshuka,185,300.5855065840077,115.5855065840077
Mama Kathy&#39;s Minestrone,402,382.58121796659526,19.41878203340474
Baked Fettuccine Lasagna,366,639.735147083399,273.73514708339906
Self-Rising Flour,459,33.1382412689872,425.8617587310128
Baileys Tiramisu,520,447.0828241576319,72.91717584236812
Cajun Shrimp Crepes,499,475.06093732010845,23.93906267989155
Italian Kale,92,101.0737826181613,9.073782618161303
Pop&#39;s Dill Pickles,35,74.4440682425738,39.444068242573806
Instant Pot Bahn Flan (Vietnamese Flan),628,218.29895953306806,409.70104046693194
Marcia&#39;s Famous Sticky Buns,371,299.952673432233,71.04732656776702
All-Fruit Smoothies,205,192.63810694832745,12.361893051672553
Half-Sour Pickles,85,222.0965669353848,137.0965669353848
Easy Restaurant-Style Buffalo Chicken Wings,311,457.9519685884915,146.95196858849152
Best Ever Chicken Gyros,381,395.8114565118081,14.811456511808103
Spiced Butternut Squash Soup,298,353.2184272536348,55.218427253634786
Easy Homemade Ricotta Gnocchi,298,281.5096330023773,16.490366997622687
Gluten-Free Chicken and Sausage Gumbo,438,475.2821636818635,37.282163681863494
Watermelon Soup,85,18.781089319485602,66.2189106805144
Slow Cooker Chicken Marrakesh,290,254.909925488676,35.09007451132399
Croissants,196,276.59586208812544,80.59586208812544
Jalapeño Bacon Cheddar Deviled Eggs,87,308.9858097646071,221.9858097646071
&#39;Nuff Said Maple Bacon Fudge,103,273.820010631635,170.820010631635
Bryce&#39;s Best Barbeque Sauce,47,269.5065040508835,222.5065040508835
Quick Strawberry Shortcake,518,373.23985281683815,144.76014718316185
Hot Honey Butternut Squash,126,207.1940396768397,81.19403967683971
French Onion Burgers,961,737.3128612100696,223.68713878993037
Christmas Wreath Cake,413,374.0458891442653,38.95411085573471
Gingerbread French Toast,162,214.83874310187622,52.83874310187622
Hot Milk Sponge Cake I,271,337.08299105095057,66.08299105095057
General Tao Chicken,522,442.58438698049827,79.41561301950173
North Carolina-Style Pulled Pork,426,389.89918491043574,36.100815089564264
No-Bake Pumpkin Cheesecake,454,407.8045165394358,46.19548346056422
Chocolate Cherry Pie,455,421.16648055726046,33.833519442739544
Curry Red Lentil Soup,400,213.36953383740945,186.63046616259055
Pineapple Upside-Down Cake with Rum,427,456.1352369948504,29.135236994850402
Moist Holiday Honeycake,555,309.48101656869403,245.51898343130597
A Great Greek Pasta Salad,746,516.0274036856134,229.97259631438658
Spicy Fish Soup,146,265.60989113593746,119.60989113593746
Strawberry Freezer Jam,48,139.62862327463725,91.62862327463725
Slow Cooker Rice Pudding,176,221.4858653935683,45.485865393568304
Spinach-Infused Mashed Potatoes,301,414.23642713828383,113.23642713828383
Sheet Pan Sweet Potato-Orange Breakfast Tacos,479,535.5976003131802,56.59760031318024
Pumpkin Cheese Ball,111,88.59097895957214,22.40902104042786
Easy Tomato Chicken Marsala,252,353.0384383172065,101.0384383172065
Wet Burrito,1191,734.6595132017483,456.34048679825173
Quick Tomatillo Guacamole,11,149.66752731261298,138.66752731261298
Smoked Jalapeño Poppers,189,212.11378298094064,23.11378298094064
Black Bean and Corn Salad,391,291.7449945529613,99.25500544703868
Plum Blueberry Upside-Down Cake,229,331.37305193593807,102.37305193593807
Favorite Peanut Butter Cookies,109,205.44000376758638,96.44000376758638
Grilled Chicken Sandwiches,553,675.0404429711299,122.04044297112989
Roasted Brussels Sprouts,104,136.36155042560782,32.36155042560782
Oven SPAM Sandwiches,443,568.9107367310826,125.91073673108258
Copycat Wendy’s Ranch Sauce,114,334.9372705091894,220.93727050918937
Asparagus Wrapped in Crisp Prosciutto,255,94.75658994747641,160.2434100525236
Easy Artichoke Pasta,591,279.3704601291064,311.6295398708936
Chocolate Chip Pretzel Cookies,119,260.7078457211221,141.7078457211221
Parmesan Cheese Crisps,22,157.65386719119502,135.65386719119502
Chili Paneer,302,305.1115692730956,3.111569273095597
Stef&#39;s Whoopie Pies with Peanut Butter Frosting,811,391.38188045893844,419.61811954106156
Raspberry Lemonade Biscotti,118,158.3739068952863,40.3739068952863
Pork Chili Verde (Green Pork Chili),513,477.2958923868532,35.70410761314679
Jerked Chicken Alfredo,473,566.3677056575254,93.36770565752545
Vegan Mars Bar Cheesecake,702,536.0109475456945,165.98905245430547
Individual Salmon Wellingtons,715,611.9670550508254,103.03294494917463
Eggplant Parmesan Casserole,397,467.7326753992239,70.73267539922392
Slow Cooker Machaca,563,578.1432561140248,15.14325611402478
Mezcal Hot Toddy,215,236.68788813578425,21.68788813578425
Gluten-Free Peach Cobbler,156,204.77565033672613,48.77565033672613
Easy Raspberry Punch,81,99.27405455405743,18.27405455405743
Caprese on a Stick,215,205.34436389689233,9.655636103107668
Cast Iron Pork Chops - The Secret to the Best Pork Chops Is Your Cast Iron Skillet,506,458.9555645160266,47.044435483973416
Zucchini Parmesan,217,309.04584916717835,92.04584916717835
Lebanese Restaurant Rice Pilaf,203,445.16391059966406,242.16391059966406
Syracuse Salt Potatoes,277,342.5456157693935,65.54561576939352
Lucky&#39;s Gazpacho,49,100.06580415526787,51.06580415526787
Hunt&#39;s® Easy Tomato Bruschetta,196,238.68009501271325,42.68009501271325
Grammy&#39;s Favorite Rhubarb Custard Pie,404,359.75694581674253,44.24305418325747
Ham and Cheddar Quick Bread,260,458.1715551717062,198.1715551717062
Skillet Cornbread,225,322.6602404011188,97.66024040111881
Jubilees,179,148.52568617545634,30.474313824543657
Instant Pot® Chicken with Barbecue Sauce,678,367.7933892872431,310.2066107127569
"No-Cook, Large-Batch Fresh Tomatillo Salsa",60,223.51027616086517,163.51027616086517
Lentil Pate,227,279.1325419496801,52.1325419496801
Grandmother&#39;s Macaroni and Cheese,309,344.8355891178159,35.835589117815914
Mom&#39;s Candied Yams with Caramel,273,374.60854192601414,101.60854192601414
Pumpkin Pie Eggnog,477,392.1466776827886,84.8533223172114
Dairy-Free Apple French Toast,322,322.40694781245827,0.40694781245827016
Corned Beef Hash Breakfast Tacos,655,555.9544843448512,99.04551565514885
Bug Lady Tofu Pate,32,240.21326079013852,208.21326079013852
Michelle&#39;s Soft Sugar Cookies,77,66.60737218634685,10.39262781365315
Crispy Tater Caesar Salad,669,451.53657312067935,217.46342687932065
Dilly Rye Boat Dip,228,299.01778188580454,71.01778188580454
Slow Cooker Chicken Noodle Soup,207,303.2877113775397,96.28771137753972
Midg&#39;s Mouth Watering Beef Jerky,279,251.83751021098857,27.16248978901143
Char Siu Bao (Steamed BBQ Pork Buns),35,387.6305226843764,352.6305226843764
Easy Instant Pot Cranberry Sauce,107,101.30257551865591,5.697424481344086
Au Gratin Potatoes on the Grill,277,220.49778723304377,56.502212766956234
Peanut Butter Cheese Ball Pretzel Dip,453,230.4339902375146,222.5660097624854
Cast Iron Chicken Fajitas,330,398.1580709127589,68.15807091275889
Chicken Alfredo Heart-Shaped Pizza,939,492.30911598498795,446.69088401501205
Fresh Mango Salsa,8,19.28991394753045,11.28991394753045
Homemade Beef Jerky,286,320.0357656008256,34.035765600825584
Dutch Oven Pork Stew,452,425.06380970820555,26.936190291794446
Easy Tortellini Salad,305,376.85828792241546,71.85828792241546
Saucy Sesame Gochujang Meatballs,406,483.1148947677192,77.11489476771919
Blueberry Pie in a Jar,161,233.86146794320598,72.86146794320598
Grilled Honey Chili Flap Steak,738,506.4417945040821,231.5582054959179
Buttermilk Crumpets,254,167.62153613795755,86.37846386204245
Braised Flank Steak in the Oven,159,299.2586747687608,140.25867476876078
Filet Mignon with Garlic Shrimp Cream Sauce,777,643.933479395945,133.06652060405497
Finnish Summer Soup,563,252.20730819713225,310.79269180286775
Creamy Vegan Butternut Squash Soup,403,235.98114408131124,167.01885591868876
Limeade,72,129.42484005253934,57.42484005253934
Breakfast Chili and Eggs,504,506.39871029293977,2.398710292939768
Cream Cheese Cookies,54,114.72077062364771,60.72077062364771
Cucumber and Apple Salad,58,83.72704168198877,25.727041681988766
Fern&#39;s Tuna Casserole,334,448.24532460233263,114.24532460233263
Loaded Reuben Totchos,318,557.4932169210276,239.49321692102762
Watermelon Pink Lemonade,76,86.09405567236877,10.094055672368768
Vegetarian Bibimbap,395,351.8384915870903,43.16150841290971
Russian Cabbage Borscht,128,293.2843581651001,165.28435816510012
Vegan Gelatin,26,105.75133723176512,79.75133723176512
Tarek&#39;s Irish Stout Fondue,223,301.5916435569527,78.5916435569527
Hummus Chicken,404,235.2256073599491,168.7743926400509
Zucchini Carrot Cake,559,486.49398011722303,72.50601988277697
Loaded Chili Dog Bake,638,299.0349052443129,338.9650947556871
Chef John&#39;s Roast Christmas Goose,1108,290.4814444942921,817.5185555057079
Buttery Nipple Gourmet Pudding Shots,97,318.68205553139467,221.68205553139467
Chef John&#39;s White Gazpacho,152,313.5351958433825,161.5351958433825
Make-Ahead Freezer Breakfast Burritos,561,586.3953787676475,25.395378767647458
Canadian Yellow Split Pea Soup with Ham,172,251.8904973984266,79.89049739842659
The Best Lemon Bars,175,178.20078265099198,3.2007826509919823
Bourbon Mango Pulled Pork,319,495.8132848817158,176.8132848817158
Instant Pot Split Pea Soup,408,277.54221898932803,130.45778101067197
Naked Eggs Benedict,550,378.34126765524655,171.65873234475345
Mama&#39;s Tomato Gravy,86,66.1118620841444,19.888137915855594
Chocolate Creme Brulee,619,464.8363832039995,154.1636167960005
New York-Style Rye Crackers,129,246.37186781222243,117.37186781222243
Pork Lo Mein,415,419.3274458819828,4.327445881982783
Best Zucchini Bread,231,276.1228120154972,45.122812015497175
Slow Cooker Honey Mustard Glazed Ham,825,413.27892267843947,411.72107732156053
Almond Shortbread Cookies,191,139.34401501894507,51.65598498105493
Amazing Passover Chocolate Toffee Matzo,206,335.12433472122706,129.12433472122706
Grilled Bison Burgers,393,548.0428617517445,155.04286175174445
Trail Mix Cookies,77,131.8218571274273,54.82185712742731
How to Make Japanese Rice Balls (Onigiri),337,349.3540307933498,12.354030793349807
Cast Iron Cornbread,281,330.8566070974718,49.856607097471795
Royal Icing,159,62.763342424536106,96.2366575754639
Cedar Planked Salmon,678,387.51814841217595,290.48185158782405
Best Instant Pot Scalloped Potatoes,506,342.8875491981884,163.11245080181158
Nom Nom Macaroons (No-Bake),127,233.5053385776788,106.5053385776788
Canada Squares,156,381.6424254372696,225.6424254372696
Party Punch VI,146,128.94787364480922,17.05212635519078
Lemon Cream Cheese Frosting,236,162.98876400876372,73.01123599123628
Party Punch V,67,105.39610131255338,38.396101312553384
Strawberry Slushy (Smoothie) with a Kick,125,255.77799006855727,130.77799006855727
The Best Swamp Soup,436,377.25096313732746,58.74903686267254
Parmesan Pull-Aparts,157,149.33177399529828,7.668226004701722
Green Bean and Asparagus Salad,86,257.07498249584467,171.07498249584467
Shrimp with Broccoli in Garlic Sauce,266,308.8173690519411,42.817369051941114
Ganache,301,380.1948159834422,79.1948159834422
Colorful Vegetable Fajitas,531,326.3334736670779,204.6665263329221
Irish Flag Cookies,198,81.74107827557492,116.25892172442508
Sloppy Joe Burritos,777,650.7335398809442,126.26646011905575
Irish Cream Chocolate Mousse,486,356.41083984216857,129.58916015783143
Homemade Sour Cream,107,283.56227023467056,176.56227023467056
Air Fryer Shrimp Fajitas,442,406.60374161810466,35.396258381895336
Halloween Sugar Cookies,161,346.9023398777268,185.90233987772677
Apple Maple Crumble Pie,452,336.1638952749348,115.83610472506518
Blueberry Baked Oats,229,330.31698830973335,101.31698830973335
Homemade English Muffins,182,208.76212085022448,26.762120850224477
Zopf (Swiss Braided Bread),38,164.42139677552188,126.42139677552188
Cheesy Mashed Potatoes with Cubed Ham,716,331.3870507051449,384.6129492948551
Bunny Bait,273,291.8554305197015,18.855430519701486
Ricotta Pound Cake with Lemon and Blueberries,292,366.570200669929,74.57020066992902
Easiest Eggnog,201,127.27446916878426,73.72553083121574
Dad&#39;s Orange Cardamom Breakfast Rolls,159,210.64146598410701,51.641465984107015
Italian Carbonara with Bacon,512,509.8572458466951,2.1427541533049066
Blue Cheese Potato Salad,481,367.44031145362806,113.55968854637194
Baked Panko-Breaded Zucchini Fries,294,226.69204593432033,67.30795406567967
Grilled Mongolian Pork Chops,839,497.75782155239506,341.24217844760494
Dad&#39;s Day Strata,320,436.854380805563,116.85438080556298
Creamy Chicken Vegetable Chowder,459,462.73943203032206,3.739432030322064
Cajun Boudin,188,410.46621750679367,222.46621750679367
Pork Chop Skillet,469,373.04458920368575,95.95541079631425
Hummus III,77,102.33628775351431,25.336287753514313
Magic Wands for Halloween,101,187.12128376547696,86.12128376547696
Creamy Low-Fat Chocolate Fudge,79,99.50571537971098,20.505715379710978
Chef John&#39;s Homemade Chicken Noodle Soup,149,325.74258597881635,176.74258597881635
Sandy&#39;s Super Sugar Cookies,311,114.81092266456179,196.1890773354382
Ali&#39;s Stuffed Green Peppers,348,337.1437917591982,10.856208240801777
Sweetest Southern Sweet Potato Pie,530,466.69285994988275,63.307140050117255
Easy Dog Cupcakes,111,130.30451057412589,19.304510574125885
Ragù Bolognese (North Italian Meat Sauce),135,614.5560826258682,479.55608262586816
Gravy Baked Pork Chops,234,360.7688358470209,126.76883584702091
Seitan Fajitas,424,284.58584449021214,139.41415550978786
Cheesy Kale Chips,111,171.82148312550714,60.82148312550714
Mexican Style Spaghetti Squash,249,490.87805093660563,241.87805093660563
Reuben Nachos,854,569.95509934183,284.04490065817004
Salmon Fillets with Spinach for Two,563,497.59443063964926,65.40556936035074
Chocolate Passover Sponge Cake,216,345.54937576040726,129.54937576040726
Irish Cream Crème Brûlée,417,238.0333128272668,178.9666871727332
Roasted Shrimp,232,314.30310805067836,82.30310805067836
Shredded Apple Carrot Salad,97,140.88351455407906,43.883514554079056
Loaded Mashed Potato Cakes,203,467.0568821491132,264.0568821491132
Captain&#39;s Mojito,180,180.24992663084228,0.24992663084228184
Easy Eggnog Cupcakes,214,360.2187517192981,146.2187517192981
Passover Chocolate Torte,307,330.334707345703,23.33470734570301
Loaded Tater Tot Taco Cups,301,511.5316738087841,210.5316738087841
Dad&#39;s Homemade Corn Dogs,660,280.168744106748,379.831255893252
Easy English Muffins,256,242.89996256453688,13.100037435463122
Instant Pot® Fresh Corn Risotto,608,494.80360132077413,113.19639867922587
Chocolate Pavlova,402,270.3340810450369,131.6659189549631
Elnora&#39;s Peach Cobbler,291,302.14748516295333,11.14748516295333
Indian Fish Curry,338,259.27777977343453,78.72222022656547
Pozole Rojo (Mexican Pork and Hominy Stew),408,532.3007196101014,124.3007196101014
Roasted Butternut Squash and Spinach Lasagna,600,558.8514764718211,41.148523528178885
Fresh Tomato Soup,80,130.82150269408044,50.821502694080436
Speckled Trout in Capers and White Wine,399,272.58615862891514,126.41384137108486
Blueberry Popovers,258,305.0706544356292,47.070654435629194
Ginger Peach Jam,41,65.65350722016146,24.65350722016146
Homemade Blueberry Pie,366,334.4853275832651,31.514672416734925
Vegan Bean Taco Filling,142,191.07271368356868,49.07271368356868
Garlic Butter,109,179.68367549990694,70.68367549990694
Baked Pumpkin Seeds,187,243.139005161306,56.13900516130599
Oven Bag Pot Roast,354,482.99580358157266,128.99580358157266
Grandma&#39;s Hash Browns,337,256.37492929394875,80.62507070605125
Marinated Flat Iron Steak,312,387.5944989139967,75.59449891399669
No-Bake Snickers Pie,773,563.0597572324532,209.9402427675468
Potato Donut Holes,132,425.5790664776671,293.5790664776671
Bread Machine Sugar-Free Bread,110,121.32735053146607,11.327350531466067
Frozen Pineapple and Spinach Smoothie,392,265.8928179833821,126.10718201661791
Pesto Egg Salad,361,388.40963342110894,27.409633421108936
Vegan Paella,308,252.5042596106627,55.4957403893373
Dairy-Free Pumpkin Pie,153,152.9526616660088,0.04733833399120613
Peanut Butter Pie,605,426.8766446869795,178.1233553130205
Cheese Ball,123,141.3827132651832,18.382713265183213
Pork Dumpling Hamburger Sliders,405,629.6342285686935,224.63422856869352
Greek Yogurt Blueberry-Lemon Pancakes,294,354.4958047156772,60.495804715677195
Greek Horiatiki Salad,233,262.6989980695955,29.69899806959552
Tennessee Meatloaf,403,384.8428506176378,18.157149382362206
Addictive Spicy Dill Avocado Pickles,107,163.6610874544417,56.66108745444171
Stuffed Peppers Italian Style,246,323.2476156719065,77.24761567190649
Basil Pesto,177,289.03595159270157,112.03595159270157
Quick and Easy Fresh Egg Pasta,95,277.4304525078368,182.43045250783678
Apple Pie,382,368.066474114992,13.93352588500801
Leftover Halloween Candy Cookies,115,103.10959522711354,11.890404772886455
Easy Breakfast Egg Muffins,135,321.8646302874964,186.86463028749642
Grilled Tri-Tip,366,285.0132774327878,80.98672256721221
Pumpkin Raisin Scones,173,260.62679792542735,87.62679792542735
Nichola&#39;s Chocolate Chip Cookie Dough Truffles,280,320.5728395898875,40.57283958988751
Classic Swiss Fondue,902,342.3034239833885,559.6965760166115
Grilled Blackberry Brioche Bread Pudding,415,551.7871644111855,136.78716441118547
Sweet Chicken Marsala,612,429.06567205703175,182.93432794296825
Poblano and Cheese Tamales (Tamales de Rajas con Queso),252,280.63171866224025,28.631718662240246
Yogurt Cake,386,318.25386187368963,67.74613812631037
Make-Ahead Instant Pot® Cauliflower Rice,57,88.17420619167633,31.174206191676333
Moist Vanilla Cupcakes,167,137.41265576861764,29.58734423138236
Pumpkin Curry with White Fish,316,436.71479264543314,120.71479264543314
Sous Vide Cajun Boneless Chicken Breast with Creamy Pan Sauce,345,562.2272324585404,217.22723245854036
Flemish Frites - Belgian Fries with Andalouse Sauce,579,369.11866795929836,209.88133204070164
Sunset Sangria Recipe,259,315.5957106671406,56.59571066714062
Jalapeño Popper Creamed Corn,400,399.7504704715402,0.2495295284597887
Spicy Stuffed Bell Peppers,389,327.4192027595105,61.58079724048952
Easy Sausage Gravy and Biscuits,333,320.5711785822219,12.428821417778124
Quick Black Bean Salsa,104,138.99920902646738,34.99920902646738
Coconut Jasmine Rice,302,354.3602168888708,52.36021688887081
Jalapeno Popper Swim Biscuits,377,365.75294176979304,11.24705823020696
Twice-Baked Sweet Potatoes,423,257.67901448116595,165.32098551883405
Amazing Mexican Quinoa Salad,397,371.24145299350477,25.758547006495235
Sausage Rolls,301,338.065584636724,37.065584636724
Italian Subs—Restaurant Style,708,539.1370589786281,168.86294102137185
Creamy Pasta Bake with Cherry Tomatoes and Basil,532,527.7343256150004,4.265674384999556
Air Fryer Turkey Stuffed Peppers,324,519.8740354878908,195.87403548789075
Mexico Chiquito Punch,154,176.27078947323884,22.270789473238835
Classic Canadian Caesar,204,194.81925324155748,9.180746758442524
Chocolate Chip Cheesecake,507,432.06798815037354,74.93201184962646
Refreshing Watermelon Cooler,92,127.38479967067956,35.384799670679556
Mild Cheesy Chicken Enchiladas,520,547.3843967053738,27.384396705373774
Vegan Stuffed Peppers,172,122.07830102074223,49.92169897925777
Bourbon-BBQ Glazed Baby Back Ribs,437,606.3726471383103,169.3726471383103
Spaghetti Squash Pad Thai,441,453.054219122813,12.054219122812981
Keftedes - Greek Meatballs,627,477.08230916785107,149.91769083214893
Harvest Pumpkin Cupcakes,233,379.15833891654563,146.15833891654563
Bang Bang Shrimp Tacos,795,552.0139549364148,242.98604506358515
Steff&#39;s Shepherd Pie,346,412.856329216771,66.85632921677097
Amy&#39;s Creamy Black Bean Corn Salsa,86,235.5675405594498,149.5675405594498
Andrea&#39;s Broccoli Slaw,183,217.95709353172356,34.95709353172356
Coconut Margarita,379,324.7937372884461,54.206262711553904
Green Chicken Salad,378,456.99548618927724,78.99548618927724
Deviled Egg Salad,146,128.6476487230395,17.35235127696049
Shakshuka (Middle Eastern Baked Eggs),346,272.778852317477,73.221147682523
Grilled Fruit Kabobs,268,310.51243852831345,42.51243852831345
Curried Cream of Any Veggie Soup,139,293.3309105655456,154.3309105655456
Green Goddess Egg Salad Sandwiches,357,401.6866624273987,44.68666242739869
Strawberry Lemonade Cocktail,158,210.14933493900392,52.14933493900392
Natalie&#39;s Amazing Irish Mashed Potatoes,366,289.89788885251494,76.10211114748506
Sweet Potato Hummus,75,140.90741399080798,65.90741399080798
Easy Egg Tacos,316,309.46013614993063,6.539863850069366
Norris&#39; Sesame Pasta Salad,220,452.73352761984574,232.73352761984574
Garlic Kale with Pancetta,484,329.3944582159482,154.6055417840518
Hummingbird Muffins,316,497.1257556241766,181.12575562417658
Kid&#39;s Favorite Baked Oatmeal,356,258.1397654893502,97.86023451064978
Masala-Spiced Roast Chicken,309,470.39453696149104,161.39453696149104
Turkey Lumpia,84,290.23848246875616,206.23848246875616
Moo Shu Vegetable Stir Fry,167,273.23650702899636,106.23650702899636
Creamy Orange Fudge,785,226.0760256957073,558.9239743042926
Sausage Hashbrown Breakfast Casserole,481,451.29742029902906,29.702579700970944
Barbecue Ribs,504,556.1482396631345,52.14823966313452
Lunar New Year Peanut Cookies,99,268.2217902534094,169.22179025340938
Chocolate Chip Scones,167,160.50806066664356,6.4919393333564415
Sarah&#39;s Everything Caulipower Crackers,93,303.17344635835,210.17344635835002
Hot Cider Punch,83,157.2761918398233,74.2761918398233
Crispy Fried Tofu,161,259.6393116067052,98.63931160670518
Sweet Lamb Curry,577,466.76616363065637,110.23383636934363
Garden Tuna Pasta Salad,405,430.56284507473003,25.562845074730035
Melissa&#39;s Chicken Cacciatore,320,373.6495696783702,53.6495696783702
Pan-Seared Chicken Breasts with Shallots,292,423.21096374899963,131.21096374899963
Lamb Vindaloo,304,368.24248633586933,64.24248633586933
Creamy Cinnamon Rice Pudding,436,514.5378792874417,78.53787928744168
Easy Asparagus Frittata,242,262.7587724771245,20.758772477124523
Air Fryer Scrambled Eggs,194,181.6500070571487,12.349992942851287
Sesame Noodle Salad,338,436.86436895517375,98.86436895517375
Laurie&#39;s Shepherd&#39;s Pie,548,461.00601097230617,86.99398902769383
Hot and Spicy Himalayan Tea (Chai Tea),53,154.84775704800714,101.84775704800714
Layali Lubnan (Lebanese Nights),415,310.1712873952375,104.82871260476247
Two Tier Strawberry Pie,378,411.7007245030999,33.70072450309988
Banh Mi Burgers,487,396.249731083996,90.75026891600402
Cheesy Ranch Potato Bake,331,349.9411017022178,18.941101702217793
Blackened Prime Rib,697,550.0591365089272,146.94086349107283
Raw Corn Salad,193,281.1261582215224,88.12615822152242
Cheesy Garlic Zucchini Steaks,155,280.0832189100621,125.0832189100621
Benji&#39;s Pork Chops with Grapefruit Relish,478,323.93979117128526,154.06020882871474
Instant Pot Beef-Stuffed Peppers,354,346.17558198723884,7.824418012761157
Savannah&#39;s Best Marinated Portobello Mushrooms,112,173.01685824426858,61.016858244268576
Loaf Pan Frittata,273,423.0349944318712,150.0349944318712
Marbled Chocolate Pumpkin Pie,174,355.9968165785501,181.99681657855012
Deer Poppers,308,351.9456074243943,43.945607424394325
Keto Peanut Butter Bars,182,281.5487920440312,99.54879204403119
Shiitake and Baby Bella Mushroom Risotto,439,463.16260774188675,24.162607741886745
Tiny Tomato Pickles,7,119.97513920048031,112.97513920048031
Boursin Pork Chops,496,537.3466771761966,41.346677176196636
Tofu Tacos,278,419.46645376324545,141.46645376324545
Owl Cupcakes,372,621.177211252325,249.17721125232504
Norwegian Cabbage Rolls,316,438.17716577936613,122.17716577936613
Grandma&#39;s Famous Salmon Cakes,307,306.5509466598694,0.44905334013060383
Blackout Cake,824,745.9572295499595,78.0427704500405
Grilled Salmon With Pesto Crust,354,451.37661032611146,97.37661032611146
Cathy&#39;s Gluten-Free Oatmeal Waffles,235,267.0439791956152,32.04397919561518
Southern-Style Banana Split Cake,748,611.1109321407152,136.88906785928475
Chicken with Lemon-Caper Sauce,662,469.60781740635844,192.39218259364156
Summer Lamb Kabobs,406,460.96472259494203,54.96472259494203
Cake Mix Coffee Cake,481,522.2899527154931,41.28995271549309
Golompke (Beef and Cabbage Casserole),268,450.03410736653177,182.03410736653177
"Homestyle Turkey, the Michigander Way",545,477.34135221256827,67.65864778743173
Dash&#39;s Donair,489,268.6228255940716,220.37717440592837
Air Fryer Pepperoni Chips,148,155.8781734108268,7.878173410826804
Best Chicken Salad,779,346.256833130222,432.743166869778
Oil Pie Crust,143,350.43997655804253,207.43997655804253
Garlic Butter Steak Bites With Mushrooms,560,397.9608072044284,162.03919279557158
Apricot Kolaches,674,195.2183006305171,478.7816993694829
Slow Cooker White Chicken Chili from RO*TEL,301,236.50873830497062,64.49126169502938
Spicy Turkey Tacos,246,246.07194582377625,0.0719458237762467
Jam “Jewel” Cookies,134,185.23023172345506,51.23023172345506
Dutch Oven Beef Stew,383,439.5615521180395,56.561552118039515
Oven Baked Omelet,185,334.00080149282206,149.00080149282206
Easy Lemon Mousse,545,267.8779632753142,277.1220367246858
Poppy Seed Cookies II,158,213.7073517232376,55.70735172323759
Grilled Turkey Cuban Sandwiches,1066,768.8227865386282,297.1772134613718
Sausage Breakfast Casserole,377,495.84051674953537,118.84051674953537
Red Pesto Sauce,282,236.04903675135577,45.95096324864423
Dan&#39;s Slow Cooker Ham and White Bean Soup,355,457.01983673855034,102.01983673855034
Chocolate Banana Bread,278,301.4000089139407,23.400008913940724
Bacon Gravy for Biscuits,282,250.7111791993175,31.288820800682487
Gingerbread Cupcakes with Cream Cheese Frosting,241,230.11134242838003,10.888657571619973
Jean&#39;s Homemade Chicken Noodle Soup,124,337.88237583558197,213.88237583558197
Spring Strawberry Rhubarb Pie,689,418.4894491501193,270.5105508498807
One Pan Orecchiette Pasta,662,471.27811984598003,190.72188015401997
Instant Pot Lentil Chicken Noodle Soup,293,377.03818862117254,84.03818862117254
Pesto Tomatoes,122,215.7509232414072,93.75092324140721
Baked Acorn Squash,320,190.43720132452773,129.56279867547227
Garlic Grits,378,201.45185547072714,176.54814452927286
Shrimp Grain Bowl,805,373.5608176991992,431.4391823008008
Sesame Beef,354,417.72266563378014,63.72266563378014
Tropical Shrimp Scampi,520,502.68556830651147,17.31443169348853
Rhode Island Clam Chowder,326,365.65944265963043,39.65944265963043
Challah Bread,165,242.67291585786217,77.67291585786217
Copycat Nothing Bundt Cake Chocolate Chocolate Chip Cake,437,639.7676297420842,202.76762974208418
Jalapeño Cornbread,312,311.246135425496,0.7538645745040071
Slow Cooker Western Omelet,310,405.2737082453312,95.27370824533119
Turkey Carcass Soup,133,268.8507985953794,135.8507985953794
Slow Cooker Beet Green Risotto,446,424.6810337113935,21.318966288606475
Brookies (Brownie Cookies),246,242.71841708771763,3.2815829122823743
Chicken Almost Carbonara,478,636.8099184660731,158.8099184660731
Naughty Chocolate and Peanut Butter Chip Cookies,164,324.02010983061416,160.02010983061416
Christmas Cake,645,461.84424420392276,183.15575579607724
Ground Beef and Rice Skillet,359,401.29041846217814,42.29041846217814
Thanksgiving Sandwich,552,591.7163947549275,39.71639475492748
Nancy&#39;s Boiled Gazpacho,79,136.6914856919195,57.691485691919496
Jelly Doughnut Cupcakes,246,246.17977537240495,0.17977537240494712
Homemade Marshmallow Creme,138,130.64823148248138,7.351768517518622
Easy Butternut Squash and Pear Soup,248,218.41625441677724,29.583745583222765
Instant Pot® Pilau Rice,151,145.19076627884894,5.80923372115106
Basic Congee (Chinese Rice Porridge),205,192.19803274392643,12.801967256073567
Fall-off-the-Bone Instant Pot Ribs,415,454.4406543383035,39.44065433830349
Instant Pot® Teriyaki-Pineapple Pork Chops,350,357.34464297030735,7.344642970307348
Classic Bloody Mary,141,134.6193724718278,6.380627528172198
Navy Bean Soup,236,296.1572678304424,60.15726783044238
Toasted Pumpkin Seeds,102,173.64138981956307,71.64138981956307
Armenian-Style Potato Salad,272,390.4515778095465,118.4515778095465
Best Tuna Casserole,595,445.8050985118196,149.1949014881804
Turkey Taco Soup,273,343.3402413772022,70.34024137720218
Fruit Sherbet,381,169.58355491098033,211.41644508901967
Blueberry Lemonade Martini,330,217.8351858791536,112.16481412084639
Shredded Chicken Salad,560,325.6471539178474,234.3528460821526
Campbell&#39;s® Slow-Cooker Chicken and Dumplings,331,390.29583692028007,59.29583692028007
Cheesy Potato Casserole from Ore-Ida,434,382.7023141057574,51.29768589424259
Avocado Ice Cream,297,413.5954111469611,116.59541114696111
Jen&#39;s Jambalaya,375,402.4894439415061,27.489443941506124
Sous Vide Chicken Breast,151,311.31322177869737,160.31322177869737
Vegetarian Stuffing,348,358.2386896783331,10.238689678333117
Whole Wheat Chocolate-Coffee Cake,274,383.55148374267117,109.55148374267117
Hawaiian Tarts,131,244.54767445374785,113.54767445374785
Lime Cilantro Rice,85,196.6646260660135,111.66462606601351
Mrs. Fields Sugar Cookies,166,148.26550678366235,17.734493216337654
Fajita Cheeseburger,1262,649.519760568894,612.480239431106
Caribbean Health Drink,178,221.94434755835195,43.94434755835195
Sweet Grilled Corn,280,275.9342677224514,4.065732277548591
Food Processor Pie Crust,207,335.4169883461075,128.41698834610747
Butternut Squash Ravioli with Brown Butter Sauce,665,459.6713466175485,205.32865338245148
Chicken Liver Pate with Currants,106,367.4124191809472,261.4124191809472
Mini Chocolate Chip Shortbread Cookies,378,246.9703353409297,131.0296646590703
Blackened Shrimp Stroganoff,440,540.2518026274938,100.25180262749382
Grandma&#39;s Gingerbread Pancakes,101,120.76137189563576,19.76137189563576
The Best Turkey Gravy,229,431.6007680488493,202.60076804884932
Pretzel Broomstick,84,125.2178135527396,41.2178135527396
Caramels,115,463.18118590219154,348.18118590219154
Instant Pot Best Beef Stew,352,368.5217109273311,16.521710927331128
Ramen Carbonara,284,400.41796441528965,116.41796441528965
Serano Chocolate Cake,378,514.0403713796435,136.0403713796435
Bruschetta Salad,352,294.7515341710043,57.24846582899568
Sweet Potato Breakfast Casserole,268,435.3489475993314,167.34894759933138
Coconut Pie,405,437.07944864038507,32.07944864038507
Salty Cumin Lassi,136,174.12862296487378,38.128622964873784
Cheeseburger Wontons,196,474.5961802916035,278.5961802916035
Easy Red Beans and Rice,289,412.9778233187325,123.97782331873248
Cinnamon Roll Pancakes,316,434.50168759407774,118.50168759407774
Smoky Irish Wolfhound,193,252.72214814002,59.72214814002001
Easy Apple Slaw,137,195.9790210215806,58.97902102158059
Stir-Fry Pork with Ginger,322,346.2712013632172,24.271201363217187
Maple Blondies,156,324.37319503411504,168.37319503411504
My Own Famous Stuffed Grape Leaves,303,322.60851515154616,19.608515151546158
Chewy Whole Wheat Peanut Butter Brownies,222,160.2483956924061,61.75160430759391
Besan Laddu,138,280.76319935755066,142.76319935755066
Cochinita Pibil (Mexican Pulled Pork in Annatto Sauce),422,419.48945411871665,2.510545881283349
Shrimp Chowder,400,292.36490933306334,107.63509066693666
These Copycat Choco Tacos Taste Just Like the Real Thing,458,415.0403174941481,42.9596825058519
Pinakbet,184,332.2848510244643,148.28485102446427
Red Velvet Cheesecake Brownies,265,348.87998800622177,83.87998800622177
Banana Bread French Toast,544,315.3055215918413,228.69447840815872
Lemon-Blueberry Blondie Bars,425,281.90061439270517,143.09938560729483
Linzer Cookies,82,100.0124321111322,18.0124321111322
Irish Tacos,433,543.8630593337214,110.86305933372137
Grilled Asian Ginger Pork Chops,136,296.52538654221974,160.52538654221974
Ham and Beans,300,229.1822382659795,70.81776173402051
Summertime Mule Recipe,222,245.70924416908775,23.709244169087754
Instant Pot Tamales,683,502.6345916928887,180.3654083071113
Baked Chicken Empanadas with Hatch Chile,192,321.6360421202975,129.63604212029747
Stuffed Pickle Egg Rolls,139,233.92935062864095,94.92935062864095
Rainbow Rotini Salad,327,333.6018406317795,6.60184063177951
Candy-Bar Fudge,93,201.60221500777737,108.60221500777737
Tuna Melt Casserole,705,447.7905231862536,257.2094768137464
Easy Roasted Beef Tenderloin,582,444.66635486678973,137.33364513321027
Avocado-Egg Salad Tostada Filling,191,311.61131535587197,120.61131535587197
Spicy Pan-Fried Pork Chops,195,341.1411958036888,146.1411958036888
Coconut Macaroon Brownies,479,268.8669281531643,210.13307184683572
Quick Microwave Frittata Casserole,422,329.72643271737763,92.27356728262237
Red-Ribbon Roasted Salsa,16,88.80671656929665,72.80671656929665
Instant Pot Steel-Cut Oats,300,170.32421504784912,129.67578495215088
Shortcut Potato Onion Perogies,309,254.79138056684923,54.20861943315077
Amish Haystacks,653,602.4772081568634,50.52279184313659
Skillet Pork Chops with Mushroom Gravy,284,506.1318465340075,222.13184653400748
Oven Kalua Pork,251,241.4089513878838,9.591048612116197
Malasadas Dois,121,405.4696518080588,284.4696518080588
Mediterranean Marinated Cheese,169,366.8410955261659,197.84109552616587
The REAL Long Island Iced Tea,262,274.15442839540833,12.154428395408331
Sourdough Starter IV,92,183.99010590043073,91.99010590043073
Chocolate Truffles 4 Ways,186,307.05764188138824,121.05764188138824
Waffle Iron Cornbread,316,249.44290467518596,66.55709532481404
Jen&#39;s Hearty Three Meat Chili,620,487.247346094935,132.75265390506502
Sheet Pan Chicken Gyros,399,427.7954156732322,28.795415673232185
Slow Cooker Chicken Tortilla Soup,262,423.7187659666126,161.71876596661258
Can&#39;t Tell They&#39;re Low-Fat Brownies,93,220.13416811096644,127.13416811096644
Mango Jam,73,184.20717061406793,111.20717061406793
Corned Beef Hash Egg Crescent Ring,342,420.00325264278626,78.00325264278626
Beaker&#39;s Vegetable Barley Soup,188,166.31603620727924,21.68396379272076
Pear and Apple Overnight Oats,296,258.42203571219477,37.57796428780523
Grandma&#39;s Homemade Banana Bread,226,269.67505018886277,43.67505018886277
Curried Carrot Salad,292,221.2633301680225,70.73666983197751
Blackened Chicken,135,204.41113725312943,69.41113725312943
Tofu Stir-Fry with Peanut Sauce (Vegan),441,336.046718648543,104.95328135145701
"Broccoli, Pepperoni and Three Cheese Calzones",732,371.4743854725266,360.5256145274734
Sweet Tamale Pie,430,674.5928846676211,244.5928846676211
Mexican Sushi,332,433.40016538857816,101.40016538857816
Blueberry-Cinnamon Overnight Oats with Greek Yogurt,81,266.36723158988946,185.36723158988946
Basic Gingersnap Cookies,176,91.35662135405425,84.64337864594575
Tuna Melt Sliders,877,452.4619281474773,424.5380718525227
Apple Butter Oatmeal Bars,309,247.6187923155229,61.38120768447709
V&#39;s Fried Mashed Potatoes Recipe,386,273.46832793070945,112.53167206929055
Real Pistachio Cupcakes,175,257.4264862640915,82.42648626409152
Delicious Fruity Green Smoothie,137,232.39179469570186,95.39179469570186
Good Dog Cookies,417,241.27962388364526,175.72037611635474
Buttery Garlic Green Beans,117,86.44855618893101,30.551443811068992
Chicken Noodle Soup with Egg Noodles,335,391.8779231103057,56.87792311030569
Ham and Cheese Scones with Cranberries,458,389.4620581085304,68.53794189146959
Baked Tilapia in Garlic and Olive Oil,217,216.78646094005967,0.21353905994033084
Authentic Mexican Enchiladas,477,544.224948103735,67.22494810373496
Meatloaf Grilled Cheese Sandwich,759,449.7097494920916,309.2902505079084
Grilled Mahi Mahi,337,424.1959728781318,87.19597287813178
Quince Empanadas,188,261.3872587795131,73.3872587795131
Dobos Torte,532,444.5080280384778,87.49197196152221
Low-Carb Salisbury Steak,536,406.40432288592456,129.59567711407544
Sausage Mushroom Pizza,478,401.9405691024656,76.05943089753441
Garlic Butter Parmesan Chicken Meatloaf,555,627.9861773289956,72.98617732899561
Watermelon Gazpacho,110,162.45725737025276,52.45725737025276
Gochujang Shrimp Lettuce Wraps,96,414.37012048562633,318.37012048562633
Fruity Chicken Salad with Tarragon,323,428.94652544589985,105.94652544589985
White Chocolate Strawberry Cake,524,492.16384642793315,31.83615357206685
Spicy Creamy Cucumber Salad,61,133.86787226324537,72.86787226324537
Meatloaf Cupcakes,489,375.947032726446,113.05296727355397
Chewy Crispy Coconut Cookies,101,131.89863254481958,30.898632544819577
Spinach Artichoke Dip from Reynolds Wrap®,289,283.021775198676,5.978224801324018
Rudy&#39;s Garlic Scape Pesto,138,261.62299159909685,123.62299159909685
Jicama Appetizer,77,142.00373901544438,65.00373901544438
Slow-Cooker Teriyaki Ribs,507,451.40330208367766,55.59669791632234
Homemade Pancake Mix,274,141.00933514387594,132.99066485612406
Watermelon Mojito Granita,242,133.81048572068408,108.18951427931592
Quick Black Bean Chilaquiles,358,432.72781842818534,74.72781842818534
Beef and Wine Soup with Dumplings,439,359.5610001523154,79.43899984768461
Garlic Bread,175,179.4934280469195,4.49342804691949
Parmesan and Basil Chicken Salad,592,402.2915464027781,189.70845359722188
Church Window Cookies,87,215.690688182334,128.690688182334
Asian Coleslaw,184,272.4518889373787,88.45188893737873
Filet Mignon and Balsamic Strawberries,438,544.6605723805376,106.66057238053759
Chocolate Zucchini Muffins,219,165.07243094889276,53.92756905110724
Cilantro-Lime Coleslaw,189,153.4997795916181,35.50022040838189
Smoked Salmon Frittata,401,441.07326441056114,40.07326441056114
Lion&#39;s Head Meatballs,365,437.644419234672,72.644419234672
Marilyn&#39;s Green Beans Italiano,156,193.6898388845396,37.6898388845396
Easy Shrimp Mozambique,227,323.9046488071696,96.90464880716962
Jewish Apple Cake from Bubba&#39;s Recipe Box,528,373.16011255633623,154.83988744366377
Pure Maple Candy,113,136.17633431584005,23.17633431584005
Honey Milk Tea - Hong Kong Style,151,192.44455402386873,41.44455402386873
Grilled Sweet Potato Wedges,177,307.11521128575333,130.11521128575333
BBQ Pork Pizza,671,492.243818399816,178.756181600184
Taffy Apple Salad II,340,282.3554740330662,57.64452596693383
All Natural Strawberry Lemonade,87,159.61160227044257,72.61160227044257
Cherry Cheesecake Cupcakes,182,363.3298536587977,181.32985365879767
Bacon and Eggs Potato Salad,365,371.25789116200826,6.257891162008264
Baked Pasta Primavera,270,542.9783416645331,272.9783416645331
Vietnamese Coconut-Caramel Shrimp (Tom Rim),229,315.15367073659945,86.15367073659945
Cherry Tomato Pasta Sauce,475,405.55277211691657,69.44722788308343
Nutty Brown Rice Salad,223,298.65944873302976,75.65944873302976
Easy Grilled Zucchini,58,183.03564122183826,125.03564122183826
Cream Cheese Mashed Potatoes,337,306.8356755133423,30.164324486657677
Easy Skinless Fried Chicken Thighs,483,401.4393261119632,81.56067388803677
Waffled Falafel,210,192.8190035579707,17.18099644202931
Cinnamon Biscotti with Pistachios,135,190.51605968477656,55.516059684776565
Chicken-Stuffed Mushrooms,228,331.03538433682604,103.03538433682604
Uncrustable Donuts,521,353.7972270694951,167.20277293050492
Basmati with Toasted Noodles,220,290.6742441143444,70.67424411434439
Grandma’s Lemon Meringue Pie,472,395.68192358002614,76.31807641997386
Slow Cooker Chicken with Apples and Honey,570,334.81661917185625,235.18338082814375
Enchiladas Verdes,304,513.7350052571965,209.73500525719646
Instant Pot Roasted Whole Chicken,341,406.2191064891311,65.2191064891311
Red Pepper and Corn Relish,21,133.90504072647107,112.90504072647107
Turtles Cheesecake,671,485.6352822365464,185.3647177634536
Carrot Cake No-Bake Energy Bars,150,280.76212204779847,130.76212204779847
Eggnog Pie,307,367.6174874094195,60.61748740941948
Caprese Stuffed Avocado,402,339.3094356035692,62.69056439643077
Hot Mocha,59,113.3190600044047,54.319060004404705
Poppy Seed Cake III,420,287.14139275325294,132.85860724674706
Vegan Burritos,495,495.57931729624744,0.5793172962474387
Easy and Super Delicious Black Bean Soup,291,175.53885001591794,115.46114998408206
Low-Carb Almond Cinnamon Butter Cookies,196,109.1927058957309,86.8072941042691
Grits a Ya Ya,839,641.047381169775,197.952618830225
Homemade Dog Treats (Peanut Butter and Pumpkin),56,189.12545260279967,133.12545260279967
Avocado Mango Salsa,63,133.21271096476266,70.21271096476266
Marinated Spicy Pork Chops,180,358.8354138160987,178.8354138160987
Perfect Porterhouse Steak,461,435.58991492272963,25.410085077270367
Swedish Pickled Cucumbers,29,-50.96330536841032,79.96330536841032
BLT Pizza Appetizer,416,330.58569551395385,85.41430448604615
Martha&#39;s Vegetable Beef Soup,184,315.80002582604584,131.80002582604584
Doritos® Taco Salad,509,517.8370640218322,8.837064021832248
Chef John&#39;s Irish Soda Bread,195,253.6818754212171,58.681875421217086
Blueberry Muffin Bars,231,378.3772270202705,147.37722702027048
Smothered Round Steak with Gravy,556,491.38118960932013,64.61881039067987
Scott&#39;s Sweet Potato and Butternut Squash Mashers,145,116.42123324661098,28.57876675338902
Honey Whole Wheat Bread,180,129.21246550942325,50.787534490576746
Easy Zucchini Mushroom Skillet,163,301.2842127277586,138.2842127277586
Family-Favorite Pumpkin Pie,282,337.2037964448529,55.20379644485291
Stuffed Crescent Roll Carrots,425,249.57364060222568,175.42635939777432
Mom&#39;s Rhubarb Crisp,282,245.89309156876425,36.10690843123575
"Crispy, Crunchy Pumpkin Seeds",98,163.71214991480898,65.71214991480898
Sour Cream Cranberry Jell-O Salad,94,191.58526003818181,97.58526003818181
Air Fryer Honey Garlic Chicken Wings,898,380.154158718827,517.8458412811731
Quick and Fresh Gazpacho,190,53.68586567245022,136.31413432754977
Easy Pasta Salad,252,293.9168368736613,41.91683687366128
Orange and Cinnamon Tequila Shot,106,198.206161593321,92.20616159332101
Dumpling Bake,457,303.9208677918,153.0791322082
Chef John&#39;s Rosemary Shortbread Cookies,192,247.31894698565563,55.31894698565563
The Best Potato Salad,365,318.847412583263,46.15258741673699
Spinach and Mushroom Quesadillas,154,416.0531711780514,262.0531711780514
Curried Cottage Fries,162,262.4425624612031,100.44256246120312
Sweet and Sour Borscht Shooters,32,224.2932258448879,192.2932258448879
Milk Banana Smoothie,280,186.17059370241824,93.82940629758176
Easy and Elegant Pork Tenderloin,437,383.47251923795193,53.52748076204807
Broiled Shrimp Scampi,432,399.7083955349963,32.29160446500367
Chocolate Candy Bar Cake,736,502.8861294376476,233.11387056235242
Angel&#39;s Old Fashioned Beef Stew,348,408.63461166920735,60.634611669207345
Caramel-Apple Crisp,469,354.327056735446,114.67294326455402
Cilantro Edamame Hummus,201,154.07903562982824,46.92096437017176
Slow Cooker Tortellini Meatballs,622,396.1824448662758,225.81755513372423
Chicken and Broccoli Stir Fry,343,399.8690904192756,56.86909041927561
Sausage Cake,586,461.62678082447565,124.37321917552435
Spinach and Kale Smoothie,325,305.042100755786,19.95789924421399
Parmesan Crusted Chicken,400,398.2731433951031,1.7268566048969092
Nona&#39;s Orange-Glazed Easter Ham,346,301.7453511049743,44.254648895025696
Mom&#39;s Shepherd&#39;s Pie,638,376.99390032949725,261.00609967050275
Egg and Hash Brown Pie,223,400.2002929314709,177.20029293147093
Spam Musubi,276,501.4048806652936,225.4048806652936
Candied Pecans,399,248.285095255469,150.714904744531
No-Knead English Muffin Loaves,125,131.4119863706866,6.411986370686606
Easy Migas,269,345.8549778955457,76.85497789554569
Wheat Bread in Resealable Bag,187,215.04767639765214,28.04767639765214
Skillet Cheeseburger Pasta,863,708.0313797084293,154.9686202915707
Easy Spinach Lentil Soup,385,339.2305614892348,45.76943851076521
Pipirrana (Spanish Potato Salad),377,290.3759590377697,86.62404096223031
Hard Cranberry Limeade,233,212.65432764101874,20.34567235898126
Glazed Doughnut Strawberry Shortcake,766,359.41432478187437,406.58567521812563
Minnesota Pork Chops,352,369.61201959040534,17.61201959040534
Cheddar Keto Biscuits,244,297.2236849950641,53.223684995064104
Warm Asparagus Salad with Tomatoes,122,183.08905878917417,61.089058789174175
Caramelized Spicy Pumpkin Seeds,117,138.16907708677843,21.16907708677843
Japchae Korean Glass Noodles,673,334.16577098613755,338.83422901386245
Wonton Wrappers,14,32.41505792524251,18.415057925242508
Apple and Kale Smoothie,113,192.7256986432657,79.7256986432657
Uncle Wynn&#39;s Bread Machine Rye,198,157.6454534920254,40.35454650797459
Buffalo Chicken Wraps,588,610.4967592010918,22.496759201091777
Turkey Cabbage Rolls,245,367.9954359374637,122.9954359374637
Vaselopita,544,243.04237534754034,300.9576246524597
Cherry Dump Pudding Cake,391,366.9705977830106,24.02940221698941
Pot Roast with Balsamic Onions,232,390.38218037786504,158.38218037786504
Ham and Gruyère Scones,315,484.58975068258184,169.58975068258184
Mini Apple Pies,614,248.08414567107235,365.91585432892765
Easy Never Forgotten Guacamole,100,281.3415748923628,181.34157489236281
Spinach Con Queso,255,279.0829201505505,24.08292015055048
Cream Of Dill Pickle Soup,150,238.53522130767917,88.53522130767917
Wazzu Tailgate Chili,529,588.4055676849475,59.40556768494753
Slow Cooker Ham with Pineapple,382,299.0890310874182,82.91096891258178
Pressure Cooker Goat Curry,255,302.3810337476,47.381033747599986
Roast Beef and Cheddar Frittata,535,422.32117770262823,112.67882229737177
West Coast Trail Cookies,172,224.05321949513177,52.05321949513177
Lemon Blueberry Magic Cake,341,389.30580980880336,48.30580980880336
Peach Lemonade,100,110.92757565757884,10.927575657578842
Hawaiian Beef Teriyaki Stir-Fry Bowl,744,504.2587976365238,239.7412023634762
Sweet Bread Strata,323,382.1452784164342,59.14527841643422
Zucchini-Feta Casserole,285,375.2815607927769,90.28156079277687
Stuffed Mexican Peppers,322,510.2008118537599,188.2008118537599
Hot Reuben Roll Ups,1142,583.3306917534534,558.6693082465466
Best Homemade Chicken Pot Pie,542,515.9409095274057,26.059090472594335
Pickled Bologna,298,126.36493303947955,171.63506696052045
Pecan Pie,512,423.8482419034874,88.1517580965126
Grandma&#39;s Old-Fashioned Apple Crisp,370,257.0566839108357,112.94331608916428
Lemony Chicken Ricotta Meatball Pasta Bake,668,704.4471618464174,36.44716184641743
Crunchy Almond Biscotti,90,128.07836691326412,38.07836691326412
Green Onion Cakes,49,217.99399518212985,168.99399518212985
Quick Gnocchi,462,237.53409209267005,224.46590790732995
Grandma Elaine&#39;s Unstuffed Cabbage Rolls,358,426.0740732560188,68.07407325601878
Yellow Squash and Tofu Stir Fry,233,125.04361991119917,107.95638008880083
Slow Cooker Loaded Potato Chowder,692,409.8039868827645,282.1960131172355
Strawberry French Toast Casserole,433,468.9765633101226,35.97656331012257
Mini Pecan Pies,319,490.5875429476455,171.5875429476455
Creamy Cornbread Casserole,255,369.3486227120162,114.34862271201621
Powdered Sugar Cookies I,142,230.73675848305675,88.73675848305675
Irresistible Healthy Vegetarian Stuffed Peppers,232,576.9396534602885,344.93965346028847
Best Apple Crisp Ever,330,285.23904591007863,44.76095408992137
Sweet French Toast,255,248.50289581905903,6.4971041809409655
Baked Sweet and Sour Chicken Thighs with Pineapple,463,451.77188230200085,11.228117697999153
Old Fashioned Pound Cake with Raspberry Sauce,572,359.68611669004815,212.31388330995185
Orange Gelatin Salad,289,227.76968384597274,61.230316154027264
M&amp;M&#39;s® Granola Bars,294,320.59353713829034,26.593537138290344
Split Pea Smoked Turkey Soup,613,362.0106815743611,250.98931842563888
Sweet Potato Chili,250,491.6577341085767,241.65773410857668
Avocado Egg Salad,284,358.8857598660792,74.88575986607918
Lite Brocamole,30,154.85595893912506,124.85595893912506
Pineapple Upside-Down Cake (Gluten Free),285,385.5904750384079,100.59047503840787
Baked Mac ‘n&#39; Cheese with Chicken Meatballs,617,597.6279261007915,19.372073899208544
Breakfast for Dinner Casserole,461,370.11208256564214,90.88791743435786
Easy Creamy Chicken Enchiladas,644,484.64311998135304,159.35688001864696
Strawberry Banana Peanut Butter Smoothie,389,308.4193480640223,80.5806519359777
Cherry Cheesecake Dump Cake,461,413.88839764738,47.111602352620025
Maple and Brown Sugar Oatmeal,334,159.59555509008527,174.40444490991473
Grilled Broccoli and Cheese Sandwich,543,427.21861805460486,115.78138194539514
Copycat Orange Dreamsicle Frosty,401,229.09762335472647,171.90237664527353
Dairy-Free Coconut Rice Pudding,444,249.5869091121004,194.4130908878996
Banana Breakfast Cookies,123,187.36441587960974,64.36441587960974
Easy Lasagna with Uncooked Noodles,702,589.9140899902532,112.08591000974684
Pad Thai,524,560.5065895684936,36.50658956849361
Shrimp and Asparagus Fettuccine,517,537.1213005721718,20.121300572171776
Zucchini-Carrot-Banana Whole Wheat Bread,269,244.04857640809786,24.95142359190214
Spicy Tomato and Lentil Soup,239,257.4488469558937,18.448846955893714
Atlantic Beach Pie,684,472.0007559053813,211.9992440946187
Savory Cheddar Zucchini Muffins,171,284.0315673038425,113.03156730384251
Chicken Tetrazzini,561,434.240909026613,126.759090973387
Chocolate Gravy II,225,229.7235648164456,4.723564816445588
Sopa de Mariscos (Seafood Soup),278,479.16215745177976,201.16215745177976
3-Minute Fudge,78,160.8804686577604,82.88046865776039
Maple Salmon,265,296.48334564172023,31.483345641720234
Memphis Pulled Pork,87,410.35260853391515,323.35260853391515
Crab Stuffed Mushrooms III,47,195.57491662054952,148.57491662054952
Kifta and Potatoes with Tahini Sauce,720,323.45861885546617,396.54138114453383
Veggie Pot Pie,469,433.4893320109577,35.510667989042304
Fried Soft-Shell Crab,358,382.6598886929115,24.659888692911522
Wiener Dog Challah,17,164.69049123893632,147.69049123893632
Easy Cheesy Lasagna,589,589.3637581845632,0.363758184563153
Carrot Cake XII,367,315.0640770222488,51.935922977751204
Cheeseburger Focaccia,433,479.23998767654797,46.23998767654797
5 Minute French Dip Sandwiches,777,590.8764322343472,186.12356776565275
Lobster Soup,307,359.8190455585617,52.8190455585617
Mom&#39;s Pie Crust,196,332.45469650464355,136.45469650464355
Squash and Kohlrabi Empanadas,308,314.01619566849024,6.016195668490241
Shortbread,276,242.8775621629141,33.1224378370859
Eggless Date Cake,320,347.2755611130252,27.27556111302522
Gluten-Free Homemade Orecchiette with Rice Semolina,175,171.22306626943057,3.776933730569425
Easy Fruit Cobbler,200,228.6791889856177,28.679188985617714
Deluxe Ham Casserole,399,531.4887917870158,132.48879178701577
Pressure Cooker Barbeque Pork,353,428.970450845137,75.97045084513701
Sweet Irish Bread,323,301.65022261905665,21.34977738094335
Ham Tetrazzini,358,414.0390185179259,56.03901851792591
Grandpop&#39;s Special Chocolate Cake,322,364.6923149931548,42.69231499315481
Blueberry Buckle,321,320.1413854128633,0.8586145871366853
Swiss Carrot Cake,309,222.3397831190404,86.66021688095961
Crunchy Radish and Two-Bean Salad,508,517.1846164828717,9.184616482871661
Lentil Flatbread,177,234.87447258025963,57.874472580259635
Yogurt Rice,271,379.68999147990036,108.68999147990036
Michelle&#39;s Tiramisu Cake,402,318.9403609936855,83.05963900631451
Mexican Rice and Beans,348,223.41501458176106,124.58498541823894
Cinnamon Energy Bites,54,182.39433922226516,128.39433922226516
Italian Sausage-Stuffed Cabbage Rolls,423,436.48694470078743,13.486944700787433
Italian Confetti Pasta Salad,354,317.5651981613979,36.434801838602084
Sautéed Summer Squash Side Dish,94,134.08288352028663,40.08288352028663
Cran-Apple-Pear Sauce,190,220.89010080252353,30.890100802523534
Pumpkin Wheat Honey Muffins,263,212.0810405349952,50.918959465004804
Mini Pumpkin Cheesecake,296,345.3562447135936,49.35624471359358
Oven-Baked Chicken Piccata Recipe,334,525.3885669978536,191.38856699785356
Bread Machine Challah,182,251.59382060078482,69.59382060078482
Cheesy Hamburger Rice Casserole,425,493.9345162926001,68.93451629260011
Baked Buffalo Chicken Thighs,694,492.0695302169244,201.93046978307558
Shrimp and Okra Gumbo,394,284.26400673149533,109.73599326850467
Instant Pot® Cuban-Style Black Beans,234,290.0032898644543,56.0032898644543
Love Letter - Crepes,204,244.4156759315005,40.41567593150049
Emily&#39;s Excellent Taco Casserole,477,440.89361619086344,36.10638380913656
Cheesy Ham and Asparagus Bake,201,284.93720968207015,83.93720968207015
Wine-Braised Beef Brisket,327,476.8856533841588,149.8856533841588
Flavorful Beef Stir-Fry,665,531.8407923129091,133.15920768709088
Garlic and Herb Pull Apart Bread,267,253.97055057283546,13.029449427164536
Swiss Steak,387,401.9470238273016,14.94702382730162
Jamaican Brown Stew Chicken,343,461.58046370328924,118.58046370328924
Framboise Fizz,349,256.6752520737293,92.32474792627067
Tres Leches Mashed Potatoes,327,429.91879748971587,102.91879748971587
Shrimp Tacos with Cilantro-Lime Crema,147,454.498658940068,307.498658940068
Meatball Minestrone Soup,342,349.5232446952722,7.523244695272183
2-Ingredient Dough Bagels,259,288.0684467527035,29.068446752703494
Delilah&#39;s Frosted Cut-Out Sugar Cookies,133,275.10305873711036,142.10305873711036
Grandma&#39;s Caramel Frosting,175,209.9284113199635,34.92841131996349
Ceviche Peruano,237,293.35954154811736,56.35954154811736
"Cucumber, Tomato, and Red Onion Salad",41,32.99029321049437,8.009706789505628
Low-Carb Roasted Cauliflower Soup,159,272.6155784410299,113.61557844102992
Spooky Slow Cooker Turkey Lentil Chili,262,391.15627715780533,129.15627715780533
Old-Fashioned Pancakes,318,173.1098289822002,144.8901710177998
Chococonut Chip Cookies,85,192.22698634095875,107.22698634095875
Raspberry and Apricot Rugelach,116,313.6461008370852,197.6461008370852
Thai Chicken Meatball Noodle Soup,657,530.0032894114394,126.99671058856063
Mom&#39;s Good Cinnamon Rolls,370,262.20175974010283,107.79824025989717
Ninety-Minute Cinnamon Rolls,347,263.4959816135647,83.50401838643529
Al Kabsa (Traditional Saudi Rice and Chicken),528,490.4137418091615,37.58625819083852
Simple Deep Fried Turkey,568,694.1228646283898,126.12286462838983
Simple Crab and Shrimp Salad,410,458.9007738605811,48.900773860581126
Vegan Tofu Scramble Breakfast Sandwiches,337,557.6161454128253,220.6161454128253
Pound Cake Cupcakes,204,195.55055440735026,8.449445592649738
Slow Cooker Chicken Tinga,131,314.01162299009167,183.01162299009167
Kale Salad Recipe,182,149.20048942133045,32.799510578669555
Black Bean Vegetarian Meat Loaf,215,401.76414163943053,186.76414163943053
Hearty Lentil Soup,808,260.86694875110345,547.1330512488965
One-Bite Snack Balls (No-Bake),106,40.282259739284314,65.71774026071569
Sweet and Creamy Cranberry Salad,157,252.56429027148613,95.56429027148613
Italian Ricotta Cookies,172,298.2324607867765,126.23246078677653
Chef John&#39;s Tzatziki Sauce,49,117.8958316064392,68.8958316064392
Lemon Herb Quinoa,109,155.302631388491,46.302631388490994
Banana Cornbread,196,325.85527231367587,129.85527231367587
Avocado and Black Bean Dip,177,198.19388665142526,21.19388665142526
Chocolatissimo,318,263.9379119449835,54.06208805501649
Easy Small-Batch Blueberry Jam,69,105.7787131455967,36.7787131455967
Tavern Pizza,325,504.86210474694496,179.86210474694496
Chef John’s Breakfast Sausage Patties,160,278.09800202367865,118.09800202367865
Irresistible Oatmeal Cream Pies,481,396.23594953916256,84.76405046083744
Citrus Asada Fajitas,155,186.7089200568621,31.708920056862098
Pasta Salad in a Jar,719,441.11117034943777,277.88882965056223
Fruity Tutti Turkey Brine,985,519.9083003739286,465.09169962607143
Key Lime Pie IV,382,420.77586328099096,38.77586328099096
Green Onion Garlic Naan Bread,282,237.61990633075348,44.38009366924652
Mmm-Mmm Better Brownies,161,207.97664514113148,46.976645141131485
Shredded Beef Enchiladas,577,662.5216029355965,85.52160293559655
Easy Bacon and Cheese Quiche,463,399.387761525315,63.612238474685
Croissant French Toast,436,347.4285941140474,88.57140588595257
Sarah&#39;s Knish,80,305.993213356963,225.993213356963
Marvelous Maple Pumpkin Pie,330,367.77115907641337,37.77115907641337
Southern Spicy Fried Chicken,480,605.6244484235539,125.62444842355387
Strawberry Cream Cheese Pound Cake,454,395.12728675347694,58.87271324652306
Diane&#39;s Colcannon,250,303.3344069043623,53.33440690436231
Zucchini Pancakes,362,229.89221661988535,132.10778338011465
Quick Pickled Eggs and Beets,137,138.44743470152713,1.4474347015271292
Grandma&#39;s Noodle Pudding (Kugel),434,354.7426539627245,79.25734603727551
Cheeseburger Soup,401,499.83824147041054,98.83824147041054
Gingerbread Fudge,86,217.27516109228952,131.27516109228952
Dutch Apple Pie,407,380.02371357889547,26.976286421104533
Melon Salad with Feta,458,386.315477594877,71.684522405123
Breakfast Pita Pizza,873,541.992412773822,331.007587226178
Mary&#39;s Mexican Ranchero Salsa,83,115.57804935131303,32.57804935131303
Egg Casserole,991,509.2916831336029,481.7083168663971
Baked Ziti Primavera,303,472.3720393944117,169.37203939441167
Tuna and Vegetable Farro Bowl,538,425.3981771267726,112.60182287322738
Instant Pot Mushroom Stew,311,540.6014337136089,229.6014337136089
Easy Tomato Pie,324,303.5569268943292,20.443073105670805
Parmesan Chive Biscuits,170,250.80099598786632,80.80099598786632
Glazed Cheese Danish Squares,369,269.95917394174944,99.04082605825056
Lemon-Glazed Carrots,102,165.18856897172574,63.18856897172574
Sriracha Deviled Eggs with Bacon,67,251.36001054697158,184.36001054697158
Chocolate Surprise Cupcakes,265,277.632191268501,12.632191268501003
Cream Cheese-Filled Cupcakes,355,165.09970581120902,189.90029418879098
This Viral Pan Pizza Recipe Uses Your 9x13 and Easy Store-Bought Shortcuts,578,401.50187221746626,176.49812778253374
Million Dollar Dip,163,367.88409632345406,204.88409632345406
Grandma&#39;s Baking Powder Biscuits,173,181.36986523615198,8.36986523615198
Instant Pot Mini Heart-Shaped Chocolate Cheesecakes,400,376.3150554230656,23.684944576934413
Pasta and Vegetable Salad,338,354.9492477703426,16.949247770342595
Stinging Nettle Pesto,120,308.6104868784314,188.6104868784314
Mushroom Risotto,439,410.4020887691279,28.597911230872114
Christmas Stars,158,125.18853915523225,32.81146084476775
A Slice of Heaven (Baked Corned Beef),163,453.6215090475489,290.6215090475489
Three-Meat Meatloaf,305,418.4598754120255,113.4598754120255
Pink Lemonade Jello Shots,55,261.9636181056662,206.96361810566623
Smoked Turkey Collard Green Dip,243,335.35102265306256,92.35102265306256
Peppermint Lemonade,112,128.79352070473269,16.793520704732686
Black Bean Salsa,42,212.37119703180755,170.37119703180755
Homemade Apple Cider,83,185.20490328488023,102.20490328488023
Pork Chop Rub,14,94.2551492454145,80.2551492454145
Noni Afghani,309,175.26148390737958,133.73851609262042
Sweet Potato and Bacon Pizza,619,637.2651580055988,18.265158005598778
Mom&#39;s Fabulous Chicken Pot Pie with Biscuit Crust,412,540.5484092318795,128.54840923187953
Easy Air Fryer Latkes,157,171.5676645759715,14.567664575971492
"Flat Iron, Grilled",393,391.66558724633336,1.3344127536666406
Air Fryer Egg Rolls,216,271.3636862294312,55.36368622943121
Korean Saewoo Bokkeumbap (Shrimp Fried Rice),553,404.3712174107667,148.6287825892333
Beef Short Rib French Onion Soup,1162,776.0345302206297,385.9654697793703
Grilled Leg of Lamb Steaks,327,563.3655515034659,236.3655515034659
Air Fryer Potato Chips,72,146.63652520121602,74.63652520121602
Double Crust Stuffed Pizza,410,408.8707740245937,1.1292259754063139
Easiest Pot Roast Ever,526,372.43552142957446,153.56447857042554
Grandma&#39;s Slow Cooker Vegetarian Chili,260,296.50182501235145,36.501825012351446
Churros,364,281.2151580262283,82.78484197377168
Thai Shrimp Fried Rice (Kao Pad Goong),439,461.0781267207696,22.078126720769603
Tiramisu Chocolate Mousse,381,466.15035885803525,85.15035885803525
Quinoa Tabbouleh,354,192.2639601440169,161.7360398559831
Basic Broiled Chicken Breasts,389,400.6463826215499,11.64638262154989
Bread Machine Pumpernickel Bread,119,160.8094339659325,41.8094339659325
Easy Ham and Cheese Breakfast Casserole,481,391.1537758879976,89.8462241120024
Homemade Pasta without a Pasta Machine,324,287.4792806595366,36.520719340463415
Stroganoff,435,464.5298450308072,29.529845030807223
Sheet Pan Elote Bites,156,245.6455346662153,89.6455346662153
Skillet Lasagna,453,592.4676119889773,139.4676119889773
Air Fryer Fingerling Potatoes,120,202.36546464294403,82.36546464294403
Miso Ramen Stir Fry,264,312.42291049998005,48.42291049998005
Sweet and Spicy High-Protein Snack Mix,278,405.68383456216236,127.68383456216236
Best Lemon Zucchini Bread,220,228.52007693157333,8.520076931573328
Best Ever Muffins,182,157.82218891637288,24.17781108362712
Pepper Jack Cornbread Biscuits,188,336.7334292507742,148.73342925077418
Zucchini Noodles Pad Thai,370,459.44134405994635,89.44134405994635
Easy Southern Fried Green Tomatoes,189,340.0877495260029,151.08774952600288
Florns&#39; Chinese Steamed Fish,300,223.5043819565646,76.4956180434354
Chocolate Strawberry Shortcake,313,423.5508169427449,110.55081694274492
Pesto Sausage Biscuit Bites,260,327.5584647738805,67.55846477388047
Best Football Dip Ever,391,386.0953290416208,4.904670958379199
World&#39;s Best Potato Soup,557,415.4027389048569,141.5972610951431
Simple Baked Beans,527,301.6190120156365,225.38098798436351
Whipped Greek Yogurt Chocolate Mousse,418,272.90898970223896,145.09101029776104
Tapenade,210,249.4564898152265,39.45648981522649
Luscious Blueberry Pie Perfection!,390,319.75847270097415,70.24152729902585
Hummus from Scratch,161,169.97137264201479,8.971372642014785
Pineapple Heaven Cake,543,418.0630245303719,124.93697546962812
BBQ Pork Crispy Rice,463,514.6273674086985,51.62736740869855
Tomato Soup with Gnocchi,429,433.83063018601877,4.830630186018766
Savory Halibut Enchiladas,605,612.900066652439,7.900066652439023
Carbonada Criolla Mini Empanadas,132,371.62778559553135,239.62778559553135
Sheet Pan Black Pepper Tofu and Broccoli,257,254.2059894905089,2.794010509491102
Mamie&#39;s Corn Fritters,64,267.3790800910716,203.37908009107161
Orange Pull-Aparts,132,241.06777798608005,109.06777798608005
Easy Bruschetta,90,179.98979621778483,89.98979621778483
Fried Green Beans,106,227.56701100496684,121.56701100496684
New Jersey Diner Salad,192,93.85147142043826,98.14852857956174
Red Pepper and Cabbage Pickle,106,161.84244375054942,55.84244375054942
Pumpkin Soup with Coconut Milk,357,343.7790447708099,13.22095522919011
Ruffled Milk Pie,439,362.360341906055,76.639658093945
White Chili,390,378.35743119358506,11.642568806414943
Chinese Prawn Toast,153,379.6584999739343,226.65849997393428
Plum Torte,275,238.05838780432654,36.94161219567346
Cindi&#39;s Egg Rolls,393,407.92757927783975,14.927579277839754
Boxed Mac and Cheese Upgrade,1350,338.05753690886866,1011.9424630911313
Slow Cooker Pineapple Chicken,448,364.60746855675166,83.39253144324834
Broiled Spanish Mackerel,259,334.15830796004457,75.15830796004457
Portobello Mushroom and Rice Stew,350,388.3761260419501,38.3761260419501
Mike&#39;s Bait Shop&#39;s Turtle Stew,278,752.4141992724318,474.4141992724318
Creepy Halloween Eyeballs,24,99.55630343221705,75.55630343221705
Master Recipe for Rich and Creamy Cheesecake,347,587.3000112930312,240.30001129303116
Sweet Kugel,327,438.6924719733961,111.6924719733961
Strawberry-Citrus Shortcake,659,497.0458906481949,161.95410935180507
Beef Samosas,258,418.90582113353094,160.90582113353094
Ramen Cabbage Salad,266,304.84386384588936,38.84386384588936
French Onion Soup IX,213,458.3488891889084,245.3488891889084
Pizza on the Grill,212,393.96043114029476,181.96043114029476
Marshmallow Popcorn Balls,237,190.26759117206703,46.73240882793297
Asparagus Cashew Rice Pilaf,249,377.04905094570927,128.04905094570927
Apple Betty,276,214.05530393405564,61.944696065944356
Tender Italian Baked Chicken,554,443.4372915450286,110.56270845497141
Oven-Baked Chicken and Vegetables in Foil,143,467.0274896984265,324.0274896984265
Banana Oat Energy Bars,124,132.53633593655758,8.536335936557577
Carrot Cake Energy Bites,137,164.28976380652585,27.289763806525855
Potatoes and Peppers,389,280.3508219098833,108.64917809011672
Chorizo Latkes,164,424.81746255711755,260.81746255711755
Chef John&#39;s Pumpkin Cinnamon Rolls,326,491.45913640970895,165.45913640970895
Garlic-Herb Linguine,409,303.3400448580105,105.65995514198949
Grilled Country-Style Ribs,577,533.6302511236656,43.36974887633437
Homemade Fig Newtons,119,252.12804778797272,133.12804778797272
Air Fryer Pesto Chicken Quinoa Bowl,739,451.42571765932746,287.57428234067254
7Up Buttermilk Biscuits,222,261.19024228230967,39.19024228230967
Baked Oatmeal,393,264.55308027966555,128.44691972033445
Caribbean Coconut Rice,277,398.49053958987383,121.49053958987383
Basil Pesto Risotto with Pan-Roasted Scallops,1046,586.5577565637362,459.44224343626377
Zucchini Fenchel Suppe (Zucchini and Fennel Soup),103,197.59917126435167,94.59917126435167
Rhubarb Torte,387,257.0765217912499,129.9234782087501
Blackened Seasoning Mix,9,111.80814992789371,102.80814992789371
Biscochitos II,211,216.356132240338,5.356132240338013
Fabulous Colcannon (Mashed Potatoes and Cabbage),343,466.3763865012269,123.37638650122688
Whole Wheat Snickerdoodles I,62,127.80915594606837,65.80915594606837
Keto Pepperoni Pizza with Fathead Crust,259,282.09123101284604,23.091231012846038
Butternut Squash and Beef Lasagna,443,553.2428677596552,110.24286775965516
Grandma&#39;s Skillet Pineapple Upside-Down Cake,465,410.61502605057024,54.384973949429764
Keto Breakfast Frittata,283,376.1752638239268,93.1752638239268
Stout-Braised Lamb Shanks,348,439.4133723636912,91.41337236369122
Instant Pot® Chicken Biryani,499,487.677620027842,11.32237997215799
Delicious Strawberry Shake,186,195.3060533691794,9.30605336917941
The Best Chicken Wings,487,439.04726620274755,47.95273379725245
Streusel Apple Coffee Cake,482,420.5587069141889,61.44129308581108
Creamy Scallop Chowder,298,350.830400542499,52.83040054249898
Southern Ground Beef and Bean Skillet,327,336.99025756051475,9.990257560514749
Prickly Pear Margarita,423,239.4878539495658,183.5121460504342
Strawberry Oat Chocolate Chip Greek Yogurt Pancakes,168,281.8990965127779,113.89909651277787
Asian Chicken Salad,414,477.6517514821454,63.651751482145414
Chicken and Dumplings with Biscuits,696,477.0237438606931,218.97625613930688
Pumpkin Stew,592,365.69189467586165,226.30810532413835
Potato Casserole I,409,554.78362457042,145.78362457042
Cheesy Tuna Noodle Casserole,373,392.4437584611089,19.443758461108928
5-Ingredient Salmon Teriyaki Bowls,737,608.9691443395843,128.03085566041568
Quick Tuna Salad,142,153.71931724937204,11.71931724937204
Grilled Mojo Chicken Salad With Asparagus and Oranges,386,407.2205487282754,21.22054872827539
Texas Twinkies,212,337.57946045416065,125.57946045416065
Classic Overnight Oats,207,242.1443266370716,35.1443266370716
Apricot Glazed Chicken,296,266.7670684483388,29.23293155166118
Roasted Eggplant,121,167.71726844658588,46.71726844658588
Homemade Ranch Dressing,153,145.31162496245338,7.688375037546621
Grinch Kabobs,18,99.98582094132821,81.98582094132821
Egg-Style Avocado Salad Sandwiches,466,465.7009583181012,0.29904168189881375
Pasta Salad with Homemade Dressing,443,422.9039492162923,20.09605078370771
Twinkie® Tiramisu,1015,373.5360291467728,641.4639708532272
Paleo Cauliflower Rice,113,157.3670990915146,44.3670990915146
Sangria Melon Chiller,204,231.16356929637269,27.163569296372685
Honey Hoisin Pork Chops,166,309.2230469745661,143.2230469745661
Authentic Bangladeshi Beef Curry,320,396.4317841008986,76.4317841008986
Bek&#39;s Minestrone Soup,245,264.06464038806746,19.06464038806746
Sesame Chicken with Broccoli,652,478.73894156785434,173.26105843214566
Almond Flour Brownies,215,232.16859997509013,17.16859997509013
Fava Bean Breakfast Spread,101,189.05320456017415,88.05320456017415
Best Pineapple Upside-Down Cake,322,358.47332560730706,36.47332560730706
Oven-Roasted Lamb Ribs,819,417.3363573336122,401.6636426663878
Easy Feta-Stuffed Mushrooms,95,142.56574114581414,47.565741145814144
Scallop Ceviche de Gallo,134,148.2727411609095,14.272741160909504
Julia&#39;s New Mexican Guacamole,195,272.6581315851008,77.65813158510082
Italian Chicken Skillet,515,466.35794401916365,48.642055980836346
Baked Ziti Alfredo with Cajun Chicken,484,712.8023417768824,228.80234177688237
Chocolate Halloween Cookies,97,329.81743569649007,232.81743569649007
Buffalo Pretzel Snack Mix,600,286.0822518974615,313.9177481025385
Christmas Gingerbread House,418,262.4033243704223,155.5966756295777
Autumn Apple Slab Pie,403,445.5921880302842,42.592188030284206
Becky&#39;s Baked Oatmeal,298,295.5692803200757,2.430719679924323
Old Fashioned Peach Cobbler,338,392.0747543470951,54.07475434709511
Whole Grain Carrot Peach Muffins,214,171.82277479927248,42.17722520072752
Tiramoussa Semifreddo – Frozen Italian Coffee Dessert,173,330.3948165013058,157.3948165013058
Garlic Pita Bread Bites,56,294.6203417806553,238.62034178065528
Dilly Bloody Mary,258,267.7269128073726,9.726912807372628
Left-Over Turkey Pot Pie,452,523.4571685254801,71.45716852548014
Dijon Pan Sauce,136,164.77344917385483,28.77344917385483
Grandma Leone&#39;s Fruit Cake,621,453.9010566585686,167.09894334143138
Simple Hush Puppies,162,286.5642190454826,124.56421904548262
Wicked Easy Chili,337,287.88340191671864,49.11659808328136
Goan Chicken Cafreal,372,405.360794760285,33.36079476028499
Skinny Potato Salad,109,268.06404701609733,159.06404701609733
Mexican Quesadilla Casserole,493,455.907068624632,37.09293137536798
Mochiko Asian Fried Chicken,877,472.28862964999917,404.71137035000083
Sour Cream and Chive Mashed Potatoes,129,196.5994087292455,67.59940872924551
Vegan Pumpkin Brownie,303,320.3952217834746,17.395221783474597
Good Morning Wrap,681,476.89011884775914,204.10988115224086
Dill Pickle Deviled Eggs,64,153.03396258518922,89.03396258518922
Holiday Ham and Potato Casserole,765,566.4796547209429,198.5203452790571
Tabbouleh,101,89.83374012182364,11.166259878176362
Orange Chicken,445,319.70650398412363,125.29349601587637
Cookies &#39;n Cream Cake,551,512.9014958196447,38.09850418035535
Eggplant Supper Soup,204,385.338060653103,181.338060653103
Vegetarian Corn Dog Casserole,396,428.37413993001354,32.37413993001354
Healthier Mom&#39;s Zucchini Bread,190,244.74948950244195,54.749489502441946
Mushroom Ramen,382,253.5428067752963,128.4571932247037
Brown Sugar Banana Nut Bread,273,263.01388282436176,9.986117175638242
Rice Cooker Muffin Cake,230,320.80993138276824,90.80993138276824
Avocado Sauce Eggs Benedict,716,363.3559999254833,352.6440000745167
Strawberry Pretzel Pie,332,387.4996586660954,55.4996586660954
Smoked Salmon Dip,50,154.3849662381339,104.3849662381339
Air Fried Falafel,119,199.13495142977712,80.13495142977712
Scrumptious Oven-Baked Egg Rolls Recipe,75,227.7617137060072,152.7617137060072
Triple Chocolate Roll Cake,607,549.6617373553154,57.33826264468462
Chicken Tortilla Soup IV,257,394.3233162534233,137.3233162534233
Refried Bean and Cheese Enchiladas,479,413.2439397253393,65.75606027466068
Overnight Eggnog,400,298.11971796401804,101.88028203598196
Garlic Scape Pesto,108,229.68022066692495,121.68022066692495
Healthier Sloppy Joes,252,200.82703419327146,51.17296580672854
Homemade Chili Seasoning Popcorn,155,218.6690570654007,63.66905706540069
Cranberry Sauce Extraordinaire,195,131.57994396208775,63.420056037912246
Peanut Butter Energy Bites,153,157.3857818323131,4.385781832313114
Blue Cheese Burgers,348,402.2590337235309,54.25903372353088
Air Fryer Brussels Sprouts,94,178.64054237771086,84.64054237771086
Orzo Asparagus Salad,324,542.8143064284699,218.81430642846988
Stuffed Mushrooms with Spinach,163,403.03065440137,240.03065440137
Original Nestle Toll House Chocolate Chip Cookies,108,249.041422648914,141.041422648914
Simple Scones,319,251.87914631344134,67.12085368655866
Chef John&#39;s Chicken Teriyaki,289,345.6465730849984,56.64657308499841
Balsamic Chicken,194,214.64614815431054,20.646148154310538
Chicken Alfredo,645,679.5522208293886,34.5522208293886
Traditional Armenian Gomgush,481,359.8680623034726,121.13193769652742
Instant Pot Mexican Quinoa,442,338.88396299678095,103.11603700321905
Mexican Street Corn Chicken Chili,492,635.9017934658456,143.90179346584557
Color-Changing Margarita,244,244.75195410521243,0.7519541052124339
Mini Southwestern Corn Pup Muffins with Fiesta Dipping Sauce,282,360.31442705145673,78.31442705145673
Authentic Seafood Paella,784,503.40379757487756,280.59620242512244
Homemade Granola Cereal,332,265.71813692579235,66.28186307420765
Peanut Butter Divinity Roll,84,192.63948408778361,108.63948408778361
Hot Ube Pandesal (Filipino Purple Yam Bread Rolls),77,299.9206601086365,222.92066010863653
Power 9 Protein Smoothie,664,338.7506009425646,325.2493990574354
Banana Pancakes,189,267.1256276903366,78.12562769033661
Pineapple Fried Rice with Ham,391,323.8718200369672,67.12817996303278
Chewy Oatmeal Coconut Bar Cookies,244,213.60072897115052,30.399271028849483
Homemade Coffee Creamer (Pumpkin Spice),102,268.9092934662157,166.90929346621567
Isaac&#39;s Carrot Cake,482,309.68563045914175,172.31436954085825
Creamy Chicken Florentine Pasta,481,692.8061302340376,211.8061302340376
Mock Cheese Cake Pie,277,425.3830859099341,148.3830859099341
Curry-Spiced Chicken Wings,234,266.31117404270015,32.311174042700145
Crustless Spinach Quiche,310,173.59952044797043,136.40047955202957
This 15-Minute Chicken Dinner Makes Weeknights Easy—And It&#39;s Only 5 Ingredients!,642,314.7099267612508,327.2900732387492
Pizza Burgers,593,678.4727488141012,85.47274881410124
Poop Emoji Cookies,75,205.49130666001128,130.49130666001128
Sweet Potato Energy Bites,65,170.0994869047223,105.09948690472231
Asian Pork Tenderloin,385,278.7268470306653,106.27315296933472
Pancake Poppers,61,161.53774463436866,100.53774463436866
Sopapilla Cheesecake Pie,481,494.3824974519123,13.382497451912286
Artichokes with Saffron and Almonds,283,285.63929600157144,2.639296001571438
Boursin Stuffed Mushrooms,435,274.41535244863184,160.58464755136816
Finnish Pulla,178,274.3231505359642,96.3231505359642
Poor Man&#39;s Cake,186,269.1914666792545,83.19146667925452
Pakistani Spicy Chickpeas,205,202.86240008543018,2.137599914569819
Chocolate Bourbon Pecan Pie,647,524.616939282287,122.38306071771297
Grandma&#39;s Pear Preserves,151,116.83911125132386,34.16088874867614
Potato Cutlets,150,318.40120266296327,168.40120266296327
Chinese Shrimp and Tofu Soup,99,254.14804615094585,155.14804615094585
Spicy-Sweet Buffalo Popcorn,210,186.87680217530283,23.123197824697172
Easy Vegetable Pot Pie,380,390.1929439288553,10.1929439288553
Vegan Japchae Korean Noodles,455,328.1816309100001,126.81836908999992
4-Ingredient Slow Cooker Peach Cobbler,323,302.6626097701038,20.337390229896187
Banana Bread,145,244.90540787949368,99.90540787949368
Panko-Breaded Pork Parmigiana,428,513.5334107038987,85.53341070389865
Roasted Garlic Parmesan Mashed Potatoes,251,304.2313013355574,53.23130133555742
Taco Lasagna,475,529.7137452204928,54.7137452204928
Creamy Chicken Pesto Gnocchi Bake,695,703.5244307465277,8.524430746527742
Bacon Gorgonzola Pull Aparts,408,371.7337258371431,36.26627416285692
Crunchy Wasabi Cheese Balls,39,171.20535349063,132.20535349063
Chef John&#39;s Salisbury Steak,494,537.6736583217781,43.673658321778134
Homemade Vanilla Extract,14,201.6583842946481,187.6583842946481
Baked Pork Chops with Cream of Mushroom Soup,419,317.65522670078326,101.34477329921674
Cranberry Salsa,144,68.30361642482303,75.69638357517697
Savory Garlic Marinated Steaks,576,359.98804476901,216.01195523099
Pumpkin Pie for Dieters,110,155.85135138193976,45.851351381939764
Creamy Corn Soup,307,279.8576198119723,27.142380188027687
Sausage Tater Tot Breakfast Casserole,475,597.3945573636615,122.39455736366153
Wassail Punch,101,168.96536690507494,67.96536690507494
Spicy Beef Jerky,443,305.03187149595135,137.96812850404865
Sour Cream Dressing,189,172.05104919262487,16.948950807375127
5-Ingredient Beef Chili,461,462.01428800744173,1.0142880074417349
Sweet Soy and Balsamic Chicken and Mushrooms,459,488.56287416771744,29.56287416771744
Instant Pot® Peppery Rutabaga,121,208.18760172038566,87.18760172038566
Vegan Gingerbread Cookies with Soy Milk,134,263.51271723585273,129.51271723585273
Lamb Chops with Balsamic Reduction,255,328.813964182147,73.813964182147
Stewed Burgers,464,500.86217006872977,36.86217006872977
Banana Mango Muffins with Lime Glaze,179,202.08864901630727,23.088649016307272
Delicious Sweet Potato Pie Recipe,327,371.11083964241453,44.11083964241453
Easy Banana Bread,258,263.60414492212965,5.604144922129649
Cherry Tart Pops,142,272.7844672318433,130.78446723184328
Instant Pot® Vitello Tonnato (Poached Veal with Tonnato Sauce),406,364.193442808541,41.80655719145898
Korean Soybean Noodles (Kong Kook Su),804,244.20944375114402,559.790556248856
Balsamic and Herb Quinoa Salad,453,426.6251158393495,26.37488416065048
Marry Me Dip,289,412.1759874920176,123.17598749201761
Simple Mexican Coleslaw,52,152.29079803793968,100.29079803793968
Sweet and Spicy Gochujang Chicken,575,467.54254647572157,107.45745352427843
Hatch Chile Salsa,63,90.67346391063181,27.67346391063181
Caramel-Pecan Pumpkin Pie,467,402.4010182818365,64.59898171816349
Baking Powder Biscuits,124,147.27467218931363,23.274672189313634
Yummy Vegetarian Tater Tot Casserole,342,449.41110831046615,107.41110831046615
Passover Chocolate Chip Cocoa Meringues,35,134.09970423430119,99.09970423430119
Butternut Squash Soup with Cream Cheese,398,218.20248436522522,179.79751563477478
Dragon Fruit Mojito,182,116.72081002467363,65.27918997532637
Slow Cooker Chicken Apple Butter Meatballs,566,385.0598537288397,180.9401462711603
Spectacular Overnight Slaw Recipe,121,248.28752882690605,127.28752882690605
Cheddar Bacon Mac and Cheese,631,500.14694309018086,130.85305690981914
Eggnog I,249,365.55880665880954,116.55880665880954
Buffalo Shrimp,626,419.0482954161966,206.9517045838034
Vegetarian Meatloaf with Vegetables,225,524.855202936748,299.855202936748
Holiday Snowball Cookies,131,148.4839998844315,17.483999884431512
Crispy Buffalo Shrimp,234,279.0189459693689,45.01894596936887
Bryanne&#39;s Cherry Cobbler,388,325.5321357052357,62.4678642947643
Green Tomato Relish,32,60.08762048178167,28.08762048178167
Applesauce Cornbread,155,125.23394981128645,29.76605018871355
Rose Petal Cookies,53,85.96102415082208,32.961024150822084
Broccoli Casserole with Rice,216,371.773069949296,155.77306994929597
"Moroccan Semolina Soup with Milk, Anise Seeds, and Honey",144,205.5649901412488,61.56499014124881
Soft Frosted Sugar Cookies,166,218.86189428944567,52.86189428944567
Pesto Cream Cheese Dip,402,76.54820157161626,325.45179842838377
Renaissance Stuffed Mushrooms,122,223.38113186613765,101.38113186613765
Apple Cider-Marinated Grilled Chicken,265,335.36974657755593,70.36974657755593
Spicy Honey-Peanut Baked Chicken Thighs,470,416.5322686392834,53.467731360716584
Thin-Crust Pizza Dough,232,152.10014289262529,79.89985710737471
Vegan Fajitas with Tempeh,231,299.4717722732297,68.4717722732297
Holiday Bourbon Fruitcake,422,654.9540374363197,232.9540374363197
Greek Couscous Salad,254,330.6934726184714,76.69347261847139
Halloween Eye of Newt,99,210.5270835191173,111.5270835191173
Grandma Ruth&#39;s Easy Snickerdoodle Cookies,120,74.13958661766424,45.860413382335764
Watermelon Pineapple Salsa,41,89.72614389216866,48.726143892168665
Cheesy Grilled Bread,444,329.2639789890886,114.73602101091137
How to Make Homemade Butter,137,245.763882337839,108.763882337839
Almond Flour Paleo Pancakes,360,194.29254602574002,165.70745397425998
Quick Spinach Quiche,310,343.2188148033691,33.21881480336913
Baker&#39;s Secret Pie Crust,222,333.6629089266554,111.6629089266554
Thanksgiving Egg Noodles,212,366.6298826015113,154.62988260151133
Smothered Cajun Chicken,359,459.91217946509573,100.91217946509573
No Knead Beer Bread,154,183.48898278814744,29.48898278814744
Beezie&#39;s Black Bean Soup,231,240.4996669862241,9.4996669862241
Napa Cabbage Salad,632,353.0383203575957,278.9616796424043
Best Cream of Potato Soup,252,295.0000308785782,43.00003087857817
Copycat Disneyland Pickle Corn Dog,453,505.28168482317113,52.28168482317113
Air Fryer Meatballs,457,324.239191780674,132.760808219326
Mango Cherry Smoothie,158,253.36767404171687,95.36767404171687
Eggplant Parmesan - Gluten-Free,292,417.4980723657305,125.49807236573048
Grilled Delmonico Steaks,676,562.3245563733689,113.67544362663114
Shrimp and Cheesy Grits with Bacon,446,376.1117467183816,69.8882532816184
Copycat Cheesecake Factory Buffalo Blasts,286,494.4318342644116,208.43183426441158
Easy Oreo Cheesecake,373,398.56720341618205,25.567203416182053
Sweet Potato and Carrot Pie,216,327.9186094576245,111.91860945762448
Krusczyki,504,360.71906427719546,143.28093572280454
Chewiest Brownies,139,173.48949763940774,34.489497639407745
Italian Stuffed Bread,807,505.27486083767417,301.72513916232583
Heinz Classic Meatloaf,517,344.46042035996675,172.53957964003325
Pumpkin Cheesecake with Sour Cream Topping,447,473.97645271486135,26.976452714861352
Nikol&#39;s Garlic Bruschetta,113,279.354934972098,166.35493497209802
Chicken-Stuffed Baked Avocados,334,364.1094777348626,30.109477734862594
Chocolate Popcorn,186,294.18875313773543,108.18875313773543
Spicy African Yam Soup,345,333.3484019913443,11.651598008655697
Raw Vegan Chocolate Mousse Cake with a Peanut Butter Swirl,366,454.90535277349755,88.90535277349755
Pastrami Reuben Sandwich,793,550.2904885903396,242.70951140966042
Creamy Chicken on Linguine,479,721.6360238444793,242.63602384447927
Mango Gazpacho,147,179.0070294299078,32.00702942990779
Gobi Manchurian,382,341.35816132066583,40.64183867933417
Cinnamon Nutmeg Coffee Cake,577,442.55106166556885,134.44893833443115
Slow Cooker Sauerkraut and Sausage,526,251.17045772544964,274.82954227455036
Turtle Bread,112,238.75504452817165,126.75504452817165
Indian Chole Aloo Tikki,314,334.1135897128168,20.113589712816804
African Curry,600,423.30483389203346,176.69516610796654
Frozen Strawberry Lemonade,106,136.44392199202943,30.44392199202943
Bisquick Cinnamon Rolls,425,271.94018695459783,153.05981304540217
Apple Halva Loaf Cake,327,361.83418334430735,34.83418334430735
One-Pot Tomato Sausage Pasta,651,625.6314725129012,25.368527487098845
Best Cheese Dip,445,393.8879456781143,51.112054321885694
Best Grilled Pork Chops,380,336.7057404596683,43.29425954033172
Vegan Lettuce Wraps,225,407.98554172191183,182.98554172191183
S&#39;mores Brownies,252,234.31200591789175,17.687994082108247
Strawberry Pie without Jell-O,312,285.81025261254604,26.189747387453963
Southwest Chicken Salad,827,479.8443234614164,347.1556765385836
Instant Pot® Stew Using Frozen Meat,611,490.04078820024347,120.95921179975653
Herbed Chicken Shepherd’s Pie,429,436.8751838676051,7.875183867605074
Lobster Bisque,245,376.4074664759121,131.4074664759121
Quince-Apple Sauce,223,238.56695006415993,15.566950064159926
Chicken and Orzo Stuffed Portobello Mushrooms,685,413.2375254989899,271.7624745010101
Dukkah,45,140.69842114353781,95.69842114353781
Lime Chili Shrimp Ramen,467,475.83722867971346,8.837228679713462
Vegan Black Bean Soup,410,257.331421053108,152.668578946892
Crescent Dough Garlic Bread,112,279.53154919007875,167.53154919007875
Butternut Squash Soup with Spinach Ravioli,168,365.7761151938564,197.7761151938564
Salmon Ball,97,199.0524640156346,102.0524640156346
Famous California Pizza Dough,127,304.1923859877162,177.1923859877162
Catfish Étouffée,236,420.7491462776294,184.7491462776294
Kreatopita Argostoli,543,612.3587993816183,69.35879938161827
Chicken Enchilada Nachos,554,515.4248293189993,38.575170681000714
Vegetarian Bean Burritos,481,512.2583262113103,31.258326211310305
Rosemary- and Parmesan-Crusted Pork Chops,599,438.1433871843141,160.85661281568588
Creamy Bacon-Wrapped Chicken,674,393.4007756228517,280.5992243771483
Beets on the Grill,208,189.62768286213588,18.372317137864115
Virginia Eggnog,231,388.54046279332965,157.54046279332965
Chef John&#39;s Baked Eggs,560,416.9725108942395,143.02748910576048
Quick Chicken and Corn Chowder,263,346.29737080397376,83.29737080397376
Original Steak Tartare,231,294.1876821552339,63.187682155233915
Dry Rub Air Fryer Chicken Wings,441,326.0349375140962,114.96506248590379
Protein Powerhouse Baked Oatmeal,339,334.68986859211,4.310131407890026
Burritos with Mexican Chorizo and Potatoes,354,412.66564392119614,58.665643921196136
Creamed Broccoli and Mushroom Soup,186,302.9822089795472,116.98220897954718
Raspberry Peach Jam,72,114.51839878472586,42.51839878472586
Quick Beef Taquitos,384,541.6332097447329,157.63320974473288
Slow Cooker Pumpkin Oatmeal,341,210.55434779843506,130.44565220156494
Brazilian Picadillo,292,335.6113511693589,43.6113511693589
Stuffed Cabbage Rolls,223,289.5444021713581,66.54440217135812
Kartoffelklöße (German Potato Dumplings),272,346.8870986166269,74.88709861662687
Coconut Kugel,743,357.5564559792091,385.4435440207909
Spinach Salad with Warm Bacon Dressing,663,438.1871140350233,224.81288596497672
Spicy Vietnamese Quick-Pickled Vegetables,27,191.8542491923673,164.8542491923673
Instant Pot Split Pea and Ham Soup,526,407.7708586537091,118.22914134629087
Hamantaschen,72,149.5760554459844,77.5760554459844
Maple Walnut Scones,371,289.12207458437655,81.87792541562345
Perfect Summer Fruit Salad,277,262.0859196452082,14.914080354791793
Pollo Fajitas,210,327.08222281430943,117.08222281430943
Jeff&#39;s Carrots,273,201.941690892954,71.058309107046
Almond Roca,252,370.9014170719312,118.90141707193118
Roasted Cauliflower with Cheese,261,183.50934829476833,77.49065170523167
Fritos Pie,457,459.3152846984718,2.315284698471828
Simple Artichoke Dip,293,124.019561594865,168.980438405135
Spelt Flour Bread Machine Challah,193,262.2745231781778,69.27452317817779
Sweet Rice,418,446.1355430081389,28.13554300813888
Strawberry and Mandarin Salad,185,279.7150762727342,94.71507627273422
Banana Spice Cookies,116,138.12522939468445,22.125229394684453
Jamaican Jerk Chicken,221,239.32734822659882,18.327348226598815
Grilled Chicken Caesar Salad,384,551.9540977504851,167.95409775048506
Caprese Salad with Balsamic Reduction,580,393.13978327185873,186.86021672814127
Pesto Pasta Caprese Salad,169,259.2781735802946,90.2781735802946
Natillas (Mexican Custard),158,184.45629768926054,26.456297689260538
Kabobs,304,404.8105227903751,100.8105227903751
Mocha Layer Cake,471,375.7582468963385,95.2417531036615
Instant Pot BBQ Rib Tips,497,387.51022784514413,109.48977215485587
The Best Baked Rice and Beans,422,373.14769130575803,48.85230869424197
Bourbon Whipped Cream,61,346.24128934438215,285.24128934438215
Buffalo Chicken Nachos,672,541.6036364032682,130.39636359673182
Quick Nariyal Burfi (Indian Coconut Fudge),275,165.12218765381735,109.87781234618265
Best Ever Banana Bread,307,364.1119582569885,57.11195825698849
Berry and White Chocolate Blondies,171,255.92916685388423,84.92916685388423
Vegan Cupcakes,152,103.96065952653842,48.03934047346158
Thanksgiving Yams,344,336.4640365751698,7.535963424830186
Sweet Corn Bread,241,255.71976611668396,14.719766116683957
Japanese-Style Triple-Seared Steak,997,574.3389298304871,422.66107016951287
Perfect Potato Soup,392,401.18242261956004,9.182422619560043
My Favorite Chicken Salad,287,286.8869027178205,0.11309728217952397
Smoked Paprika Goulash for the Slow Cooker,643,558.3995726134634,84.60042738653658
Quinoa with Chickpeas and Tomatoes,185,223.64378841396092,38.64378841396092
Mendocino Chicken Salad,365,406.84939997790735,41.84939997790735
Homemade Breakfast Sausage,409,251.1175683259264,157.8824316740736
Chicken Cacciatore Rice Bowl,556,564.2890545474497,8.289054547449723
Kai&#39;s Chicken Potstickers,321,322.62435041105726,1.6243504110572644
Roast Potatoes,227,276.2929806208135,49.29298062081352
Air Fryer Apple Crisp,238,178.85034897301688,59.14965102698312
Sour Cream Dough for Pierogi,67,187.3116097717559,120.31160977175591
Tangy Honey-Glazed Ham,511,362.5488334731407,148.4511665268593
Bananas Foster Chimichangas,487,533.9321884645146,46.93218846451464
Moroccan Shabbat Fish,278,301.03757909154274,23.03757909154274
Easy Slow Cooker Tuna Casserole,489,434.5336327422958,54.46636725770418
Chicken Pot Pie Soup with Pie-Crust Dumplings,611,420.62876487606616,190.37123512393384
Easy Oatmeal Muffins,136,188.43241263895163,52.43241263895163
Chicken Chimichangas with Green Sauce,787,617.7423823433985,169.2576176566015
Mini Carrot Cake Loaves,1037,259.6061883659064,777.3938116340936
Italian Nachos Restaurant-Style,453,556.405808564486,103.40580856448605
Grandma&#39;s Chicken Soup with Homemade Noodles,490,304.01982092261494,185.98017907738506
Lemon Raspberry Cookies,173,181.44665653402444,8.446656534024441
Boxty,249,270.2769300520505,21.27693005205049
Peach and Blackberry Cobbler,223,288.6576065301281,65.65760653012808
Gingerbread Folk,270,261.5073432058562,8.492656794143784
Creamy Spring Vegetable and Ham Pasta,722,599.0257742530707,122.97422574692928
Snickers Martini,484,322.0499334513446,161.9500665486554
Guacamole 3 Ways,133,159.16214889002046,26.16214889002046
Empanadas Salteñas,260,491.08587477567966,231.08587477567966
Mom&#39;s Zucchini Bread,256,279.8763598074122,23.8763598074122
Spicy Chinese Barbeque Riblets,774,431.2499350352816,342.7500649647184
Big Batch Pulled Pork Grilled Cheese,374,568.6939496140926,194.69394961409262
The Best Ground Beef Taco Meat,317,288.70745707626907,28.292542923730934
Gingerbread Cookies with Orange Buttercream Frosting,353,247.51975100496105,105.48024899503895
Bubbly Mojito,269,234.23942669868097,34.76057330131903
Homemade Enchilada Sauce,76,245.2058006716805,169.2058006716805
Smart Cookie Football Cake,669,371.2710015613028,297.7289984386972
Cold Corn Salsa,354,215.98763068592925,138.01236931407075
Zucchini Chip Nachos,321,243.45222697202948,77.54777302797052
Rice Cooker Rice Pudding,310,303.89678176848827,6.1032182315117325
Grilled Cheese Sloppy Joes,585,507.22899641455314,77.77100358544686
Air Fryer Bang Bang Tofu,688,290.0737972553262,397.9262027446738
Peppered Maple and Thyme Turkey Brine,87,262.691906037462,175.691906037462
Vegetable Stovetop Frittata,289,264.60064662528816,24.399353374711836
Breakfast Chilaquiles,373,387.3181243349253,14.318124334925301
Churro Cheesecake Bars,167,468.6728055593357,301.6728055593357
Chocolate-Covered Peanut Butter Balls,75,215.68692608137263,140.68692608137263
Zucchini Scarpaccia,137,489.35861006658195,352.35861006658195
Fabienne&#39;s &#39;Black-Eyed&#39; Crab Cakes,131,425.1704136398032,294.1704136398032
Orange Marmalade Cake,238,361.6840131859068,123.68401318590679
Slow Cooker Baked Ziti,405,594.3138754869714,189.31387548697137
Red Cabbage Slaw,197,248.8094998617013,51.80949986170131
Cheesy Garlic Butter Rolls—No Rise!,191,392.00114745763295,201.00114745763295
Chef John&#39;s Tiramisu,774,421.98337516717453,352.01662483282547
Leek and Potato Chowder,326,374.2066413005191,48.206641300519095
Egg Roll Wrappers,89,140.73553857214424,51.735538572144236
Tapioca Rice Pudding,180,239.3344569641743,59.33445696417431
"Artichoke &amp; Spinach Dip, Restaurant Style",153,301.87295182885174,148.87295182885174
Carrot Ceviche (Vegan),150,226.76632797720887,76.76632797720887
Tamarind Glazed Carrots,436,473.14907140234453,37.14907140234453
Heavenly Blueberry Smoothie,250,284.1826740492938,34.18267404929378
Greek Chicken Pasta,488,537.2789839449213,49.278983944921265
Linguini with Bacon and Scallops,485,398.1927063641146,86.8072936358854
Gluten-Free Quinoa Noodles,392,234.61866486360393,157.38133513639607
Classic Vichyssoise,334,338.1163868645043,4.116386864504307
Blender Yorkshire Pudding,123,201.78744002874714,78.78744002874714
Marinated Pretzels,104,218.94031615032077,114.94031615032077
Mexican Gazpacho,101,102.02391183025065,1.023911830250654
Easy Single-Serving Apple Pork Chop,925,327.5005473896179,597.4994526103821
Shipwreck Casserole,501,486.55484570225855,14.445154297741453
Missionary&#39;s Downfall,233,244.64424270126722,11.644242701267217
Baked Homemade Macaroni and Cheese,810,523.2294144048839,286.77058559511613
Eye of Round Steak and Ketchup,311,428.7620889094635,117.7620889094635
Beetroot Relish,179,113.30886619666862,65.69113380333138
Easy No-Churn Ice Cream,337,407.039410317162,70.03941031716198
Linguine with Broccoli and Red Peppers,393,488.6085699914729,95.6085699914729
Roasted Cauliflower Steaks,176,237.149026738407,61.149026738407
Molletes,318,255.93064865881587,62.06935134118413
Brownie Mix in a Jar,118,83.68889844150988,34.31110155849012
Easy Indian Butter Chicken,880,518.2910197289809,361.7089802710191
Dried Fruit Cheese Ball,424,219.04568698042746,204.95431301957254
Hearty Tortellini Soup,240,421.83513960234393,181.83513960234393
Salted Caramel Irish Cream Poke Cake,545,580.1797698899711,35.17976988997111
Italian White Bean Chicken,430,266.62404439407317,163.37595560592683
Green No-Bean Hummus,60,201.75244725106472,141.75244725106472
Extra Garlicky Garlic Knots,84,257.7211148262613,173.72111482626133
Corn Fritters with Maple Syrup,849,369.94852840067097,479.05147159932903
Vatrushka,213,426.9791788530548,213.9791788530548
Cucumber Soup with Tomatoes,43,-8.519158961744608,51.51915896174461
Easy Homemade Vanilla Ice Cream,263,341.59958739474826,78.59958739474826
Air-Fried Sesame-Crusted Cod with Snap Peas,364,327.16906642345793,36.830933576542066
Classic Italian Pastina Soup,487,501.7644808296643,14.764480829664308
Tuna Alfredo Casserole,520,699.339131072626,179.33913107262595
Classic Alfredo Sauce,666,434.7525492872073,231.24745071279273
Chef John&#39;s Hot Sloppy Joe Dip,230,358.44097605904864,128.44097605904864
Watermelon Milkshake,94,121.61255367789435,27.612553677894354
Mulberry Jam,28,107.99256724340992,79.99256724340992
Grandma&#39;s Deviled Eggs,102,94.45461051746707,7.545389482532926
Marinated Turkey Breast,317,348.2982739186476,31.298273918647624
Cajun Mashed Potatoes,307,235.8991900270173,71.10080997298269
Key Lime Cheesecake,382,364.5494558695992,17.450544130400772
"Chicken, Feta Cheese, and Sun-Dried Tomato Wraps",324,397.9991667569212,73.99916675692123
Oatmeal Cinnamon Cream Pies,193,402.034259772106,209.034259772106
Pork Chops Al Pastor,434,515.8135961314146,81.81359613141456
Chef John&#39;s Meatless Meatballs,421,554.0063795180397,133.0063795180397
South Texas Carne Guisada,309,338.9388557509427,29.938855750942707
Slow Cooker Sweet Chili Sesame Chicken,366,421.7441561442399,55.74415614423992
Creamy Mashed Potatoes,373,375.41215271403587,2.4121527140358694
Crispy Prosciutto Caesar Salad,290,501.95594236255135,211.95594236255135
Cheeseburger Garbage Bread,394,755.9209781911952,361.9209781911952
Eagle Salad,222,304.4340791290151,82.43407912901512
Glenda&#39;s Apricot Nectar Cake,445,308.05607718771853,136.94392281228147
Coconut Crust,102,201.10180928857574,99.10180928857574
Instant Pot Italian Wedding Soup,309,269.04359563254314,39.956404367456855
Creamiest Rice Pudding,173,219.63160383283235,46.631603832832354
Harvest Turkey Brine,477,681.7683338526447,204.76833385264467
Sweet Barbeque Beans,388,477.3188974951538,89.3188974951538
Little Broccoli Bites,136,231.729230621973,95.72923062197299
Creamy Sausage and Mushroom Gnocchi Skillet,486,565.6098014108366,79.60980141083655
Macaroni Pie,743,489.32256684677884,253.67743315322116
Copycat Texas Roadhouse Rolls,186,407.15048757549204,221.15048757549204
Blubaugh&#39;s Blueberry Buckle Shortcake,399,385.5236808100032,13.476319189996786
Best Lasagna with Ricotta Bechamel,507,587.8279151669637,80.82791516696375
Mighty Fine Turkey Brine,102,314.2290163027046,212.22901630270462
Best Breakfast Pizza,340,410.2182334389857,70.21823343898569
Taco Pasta,927,515.4039693214678,411.5960306785322
Easy Peanut Butter Chocolate Chip Cookies,111,162.88747720896185,51.887477208961855
Cashew Basil Pesto,197,296.72345693190186,99.72345693190186
Spicy Teriyaki Spam and Pineapple on a Hawaiian Roll,402,283.4404623219032,118.55953767809677
Brian&#39;s German Potato Salad,316,220.85685071981828,95.14314928018172
Grilled Lobster Tails,742,383.97707343929386,358.02292656070614
Italian Shrimp and Scallop Risotto,703,601.546925117636,101.45307488236404
Spinach Pomegranate Salad,273,337.758755716873,64.758755716873
Strawberry Sangria,229,210.5096641061645,18.490335893835493
Strawberry Cheesecake Dump Cake,440,399.9085634972146,40.09143650278543
Cherry Tomato Caprese Salad,189,317.0310602244255,128.03106022442552
Homemade Chipotle Oil,120,200.98536554431664,80.98536554431664
Chaffles,108,271.4950099596441,163.4950099596441
Thai-Inspired Steamed Chicken Thighs,314,440.48496337588745,126.48496337588745
Chicken Long Rice Soup,396,388.4429287499041,7.557071250095873
Green Beans with Olives and Tomatoes,110,215.00410346117118,105.00410346117118
Spicy Chicken and Green Bean Stir Fry,460,412.2865943629514,47.713405637048595
"Rhubarb, Strawberry, and Blueberry Cobbler",180,297.7502111460619,117.75021114606187
Flat Iron Steak with Mushrooms,567,436.1314754351332,130.8685245648668
Mombasa Pumpkin Dessert,210,148.84861468368658,61.15138531631342
Brown Family&#39;s Favorite Pumpkin Pie,463,406.6214190314321,56.37858096856792
Butter Rich Spritz Butter Cookies,97,122.12388625956926,25.12388625956926
Melt-in-Your-Mouth Slow Cooker Chicken,480,446.0811859700494,33.918814029950624
Buffalo Chicken Quesadillas,477,470.9655633490318,6.034436650968189
Hashbrown Casserole,272,436.77910171200335,164.77910171200335
4-Ingredient Ramen Mac and Cheese,728,442.57953162060926,285.42046837939074
Mushroom Slow Cooker Roast Beef,388,447.30407180233505,59.304071802335045
Hungarian Braided White Bread,245,210.77596119249813,34.22403880750187
Antipasto Pasta Salad,451,510.72393783381597,59.72393783381597
"Rosh Hashanah Pilaf with Beets, Chard, and Beef from Iraqi Kurdistan",311,416.34457980997263,105.34457980997263
Vegan Korean Kimchi Fried Rice,275,235.98535511964442,39.014644880355576
Air Fryer Zucchini Chips,160,161.5391758626265,1.5391758626265073
Holy Guacamole Soup with Grilled Lemon-Jerk Chicken,851,617.974249374849,233.02575062515098
Ezekiel Bread II,162,257.07427131672466,95.07427131672466
Jenn&#39;s Out Of This World Spaghetti and Meatballs,572,511.91817638755015,60.08182361244985
Instant Pot Carnitas,154,330.2009262781859,176.20092627818588
Guacamole Salad,278,254.67107982855123,23.32892017144877
Chana Masala (Indian Chickpea Curry),413,218.28643298459434,194.71356701540566
Gochujang-Sauced Air Fryer Cauliflower Bites,149,230.54387999142614,81.54387999142614
Stuffed Eggplant Parmesan,400,321.43871508963093,78.56128491036907
Bacon-Wrapped Jalapeño Poppers,265,200.13881056401164,64.86118943598836
Air Fryer Mini Pizza Calzones,153,365.6217101497033,212.6217101497033
Easy Chicken and Dumplings with Vegetables,160,325.5455469330175,165.54554693301748
Fluffy Microwave Scrambled Eggs,141,182.3611124368361,41.361112436836095
Key Lime Pie VI,282,412.5721951753944,130.57219517539443
Ekmek Turkish Bread,6,123.4631561948584,117.4631561948584
Cheesy Sweet and Savory Spuds,293,389.26820554205744,96.26820554205744
Mascarpone Buttercream Frosting,256,282.0382111684153,26.038211168415273
Jalapeno Popper Twists,384,366.61511747410344,17.384882525896558
Mulled Cranberry Juice,101,168.73511586715784,67.73511586715784
Real Fig Preserves,36,187.8520325806543,151.8520325806543
Easy Mango Banana Smoothie,133,327.9178883159916,194.9178883159916
Tender Pan-Fried Chicken Breasts,453,397.9415593144237,55.05844068557627
Sauerkraut Soup,480,216.17791785186262,263.8220821481374
Yummy Chicken Burritos,219,345.0206176703731,126.0206176703731
The Greatest Grilled Turkey,460,470.3702661688536,10.370266168853618
Thin Crust Pizza Dough,92,135.51751373567865,43.51751373567865
Gluten Free Chocolate Cupcakes,130,211.8670614361781,81.86706143617809
Peach Cobbler Cookies,141,245.21595522369975,104.21595522369975
Roasted Garlic White Mac and Cheese,734,670.4817680010644,63.51823199893556
Watermelon “Tuna” Poke Bowl,913,631.6839897237571,281.3160102762429
Eggplant Burgers,415,578.4421963449938,163.44219634499382
4-Ingredient Kimchi Quesadillas,421,470.00361296926366,49.003612969263656
Fluffy Pumpkin Spiced Cupcakes,250,380.33829720795063,130.33829720795063
Dutch Oven Corned Beef and Cabbage,515,446.15649937495726,68.84350062504274
Potato Chip Cookies,149,331.3302416200668,182.33024162006677
Indian Saffron Rice,154,260.08011047512827,106.08011047512827
Pasta with Asparagus,281,265.5318788581563,15.46812114184371
Buckeye Balls,102,235.05677260570778,133.05677260570778
The Drink by Will,98,178.1155474136002,80.11554741360021
Holiday Cranberry Relish,349,174.61757923730056,174.38242076269944
Margo&#39;s Chicken Adobo,323,374.2034178085887,51.20341780858871
Copycat KFC Mashed Potatoes,354,267.72404109726995,86.27595890273005
Chopped Cheese Sliders,263,503.12278249567294,240.12278249567294
Biscochitos Traditional Cookies,112,73.04507701599363,38.95492298400637
Banana Bread Oatmeal,241,276.2137844242731,35.213784424273115
Blueberry Breakfast Cookies,235,334.3290153244817,99.3290153244817
Slow Cooker Split Pea Soup with Bacon and Hash Browns,258,383.17415799596824,125.17415799596824
Maple Glazed Tofu,407,267.2485236410155,139.75147635898452
Lahmahjoon (Armenian Pizza),476,322.37719162028435,153.62280837971565
Mona&#39;s Easy Refrigerator Pickles,304,147.3580887850931,156.6419112149069
Orange Creamsicle Protein Shake,510,324.2527861461091,185.7472138538909
Easy Gazpacho,39,106.24693398496188,67.24693398496188
Fish Egg Salad,544,289.00263088617396,254.99736911382604
Whipping Cream Pound Cake,487,464.74258900525615,22.25741099474385
Cheesy Baked Jalapeño Poppers,187,212.25529775292753,25.255297752927532
High Protein Breakfast &#39;Muffins&#39;,167,319.90337959013465,152.90337959013465
Buttercrust Pastry Dough,295,285.5450823488552,9.454917651144797
Sausage-Stuffed Mushrooms,141,281.46089799487754,140.46089799487754
Pork Chops with Apple Cider Glaze,237,320.2908612684883,83.2908612684883
Cheesy Potato Knipla Soup,553,381.2237656696907,171.7762343303093
Mint Jelly,86,104.25253684404437,18.25253684404437
Chocolate Oatmeal Cookies,79,140.19729525568349,61.197295255683485
Lime Pickles,67,125.3941144398541,58.39411443985411
Chocolate Lover&#39;s Dream Cookies,172,316.3137635834664,144.31376358346643
Praline Pecan French Toast,465,403.4779264346089,61.52207356539111
Smoked Salmon Eggs Benedict for Two,858,397.6875964263139,460.3124035736861
Donna Leigh&#39;s Creamy Broccoli Slaw,466,339.27878621592976,126.72121378407024
Fruit In Crust Cheesecake,379,417.04859369820923,38.04859369820923
Black Beans and Rice,140,187.7988933531268,47.7988933531268
Peanut Butter and Jelly Overnight Oats,382,345.7168293665608,36.28317063343923
Strawberry Chicken Salad,860,358.397791323712,501.602208676288
Nana Dot&#39;s Irish Soda Bread,122,276.35417817468226,154.35417817468226
Roast Beef Hash Breakfast Empanadas,193,324.8025083805925,131.80250838059249
Citrus Honey Brined Smoked Turkey,657,663.1419105621289,6.141910562128942
The Best Homemade Cupcakes,164,195.0915317379513,31.0915317379513
Chicken Pot Pie III,346,544.4714731933385,198.4714731933385
Peanut Butter Microwave Fudge,165,174.0694935113332,9.069493511333206
Slow Cooker Vegetable and Ground Turkey Soup,221,393.83295386966176,172.83295386966176
Yummy Stuffed Peppers,366,450.1635121648697,84.1635121648697
Cranberry Sauce with Bourbon,295,225.6667277087841,69.3332722912159
Easy Slow Cooker Chicken and Dumpling Soup,345,359.3233633363995,14.323363336399495
Greek Lemon Cake,443,399.1288495519567,43.871150448043295
Apricot and Peach Fried Pies,280,471.7677887633323,191.7677887633323
Mexican Pickled Jalapenos,106,119.78341520982067,13.783415209820674
Jeff&#39;s Bordelaise Sauce,320,299.69652380680867,20.30347619319133
Horseshoe Sandwich,1011,788.4818769652885,222.5181230347115
Raw Apple Cake,268,347.7045077738026,79.70450777380262
Chicken Fried Rice,255,465.12600876302184,210.12600876302184
No Egg Chocolate Mug Cake,586,313.27080704082755,272.72919295917245
BLT Egg Salad,366,348.19783386154256,17.802166138457437
Chef John&#39;s Irish Stew,508,412.3751102342334,95.62488976576662
White Chocolate Biscotti,124,267.49370944085706,143.49370944085706
Chicken Butternut Squash Posole,327,415.61852809465586,88.61852809465586
Borscht with Meat,482,465.5331410063565,16.466858993643484
Roasted Green Beans,101,103.02315183419937,2.0231518341993677
Italian Bread Salad with Strawberries and Tomatoes,376,275.26837796764585,100.73162203235415
Lime Kissed Cheesecake,612,416.23085846804594,195.76914153195406
Spicy Chicken Zucchini Meatballs,275,465.6579035503165,190.65790355031652
Cauliflower &#34;Potato&#34; Salad,242,326.7717224463555,84.77172244635551
Instant Pot Beet Hummus,143,170.7713562003957,27.7713562003957
Easy Chicken Pot Pie,463,469.668196724056,6.668196724055974
Chinese Black Bean Sauce,211,348.7467396531078,137.7467396531078
Zucchini Artichoke Summer Salad,312,287.46218067137136,24.537819328628643
Tiramisu Cake Balls,155,436.72225177148124,281.72225177148124
Deluxe Bacon Onion Omelet,259,333.7902368458294,74.79023684582938
Chef John&#39;s Hot Dog Buns,310,279.2707275523157,30.72927244768431
Onion Quiche,212,434.111556955792,222.11155695579203
Cinnamon Streusel Coffee Cake,652,502.8840323629287,149.11596763707132
Quick and Easy Vegetable Soup,116,202.97850304465365,86.97850304465365
Lazygirl&#39;s Ground Turkey Stroganoff,463,465.5849989448728,2.5849989448727797
Vanilla Banamango Smoothie,191,301.35561026404923,110.35561026404923
Sicilian Christmas Pizza (Sfincione),444,538.9206584542883,94.92065845428829
Cabbage Borsht,308,270.4671089273795,37.53289107262049
Homemade Pumpkin Spice,6,11.592620479640729,5.592620479640729
Corn Casserole with Crackers,253,432.9585018525753,179.9585018525753
Portuguese Sweet Bread I,56,134.4603288955309,78.46032889553089
Chef John&#39;s Chicken Marsala,799,425.49129198339165,373.50870801660835
Restaurant-Style Chicken Nachos,385,552.8122438485577,167.81224384855773
Blueberry Peach Crisp,222,229.60262918570663,7.602629185706633
Christmas Roasted Vegetables,297,300.47405590365315,3.474055903653152
Pork Normandy,204,467.68432917313527,263.68432917313527
Caprese Orzo Pesto Salad,391,406.80877944442324,15.808779444423237
Authentic Korean Bulgogi,375,321.7718405822552,53.22815941774479
Amazing Apple Butter,75,227.16761637044578,152.16761637044578
Grandma&#39;s Italian Eggplant Parmigiana,569,520.6446766510533,48.35532334894674
No-Mayonnaise Ranch Dressing,32,144.9533118758934,112.9533118758934
Chinese Lion&#39;s Head Soup,431,323.16440135738924,107.83559864261076
Butter Biscuit Peach Cobbler,495,422.0860486088475,72.91395139115252
Ginger Cranberry Sauce,234,84.51410940291518,149.48589059708482
The Real Deal Korean Beef Ribs,692,580.5337873471323,111.46621265286774
Delightful Indian Coconut Vegetarian Curry in the Slow Cooker,370,257.3006927939448,112.69930720605521
Chicken and Mushroom Wild Rice Soup,529,394.72442008321246,134.27557991678754
Aloo Matar,487,229.2945150390883,257.7054849609117
Instant Pot Creamy Chicken and Leek Alfredo,495,687.2300193742682,192.23001937426818
Perfectly Simple Pumpkin Cheesecake,475,468.8277955008976,6.172204499102406
Savory Stuffed Butternut Squash,1031,361.59351311799315,669.4064868820069
Fresh Homemade Salsa,11,19.791523025666763,8.791523025666763
Quick Fish Tacos,416,307.26239908796697,108.73760091203303
4-Ingredient Dubai Chocolate Cake,159,315.16862102677055,156.16862102677055
Easy Cabbage Pockets,170,299.68946536152544,129.68946536152544
Zucchini Roll Lasagna on Turkey Bolognese,423,669.6897759726797,246.68977597267974
Linguine alla Vongole,603,511.34903150014276,91.65096849985724
Squash and Zucchini Burritos,575,398.02535091638106,176.97464908361894
The Best Beef Tri-Tip,274,349.9316453638106,75.93164536381062
Dark Chocolate-Cherry Cupcakes,186,310.2856045875634,124.2856045875634
Crispy Bacon and Sweet Onion Omelet,380,357.90524393552823,22.094756064471767
Grilled Spatchcocked Greek Chicken,1213,485.99751548273605,727.002484517264
BJ&#39;s Hot Corn Dip,274,429.22060691862174,155.22060691862174
Air Fryer Sweet Potato Fries,114,181.85321350067028,67.85321350067028
Cinnamon Roll Blondies,181,366.6135983850131,185.61359838501312
Spaghetti Pizza,298,521.185208230263,223.18520823026302
Best Homemade Lemonade Ever,145,160.83310591947986,15.833105919479863
Best Savory Dutch Baby,447,464.0281367938668,17.028136793866793
Puttanesca,490,342.9410525319452,147.05894746805478
Blueberry Banana Oatmeal Smoothie,398,271.6302738719821,126.36972612801787
Spicy Pakistani Zucchini,232,180.7329636279041,51.2670363720959
Italian Mashed Potatoes,508,388.2302403104233,119.76975968957669
Bánh Xèo (Vietnamese Crêpes),788,424.23555171914796,363.76444828085204
Irish Stout Beer Pot Roast,629,472.26712750747583,156.73287249252417
Spicy Deviled Eggs,51,124.72375545174593,73.72375545174593
Chocolate Italian Cream Cake,780,580.9303045900642,199.06969540993578
Kicked-Up Potato Pancakes,365,489.7629508206669,124.7629508206669
Easy Savory Crêpes,151,413.31175393934006,262.31175393934006
Classic New York-Style Cheesecake,827,559.221676195791,267.778323804209
"Red, White, and Blue Cheese Balls",67,295.8779139484434,228.8779139484434
Beefy Cheese Dip,90,366.8556186841122,276.8556186841122
Simple Arrabbiata Sauce,148,120.75907338943622,27.240926610563776
Lemon Raspberry Crumb Bars,349,210.31195905367633,138.68804094632367
Walnut Maple Fudge,144,273.76043205289596,129.76043205289596
Sour Cream Mashed Potatoes,529,390.1344364491071,138.8655635508929
Cheese Filling,100,157.5878386199959,57.58783861999589
Spicy Fish Tacos with Fresh Lime Sauce,167,243.5356357448926,76.5356357448926
French Fried Potatoes,498,359.7114688271972,138.28853117280278
No-Bake Cannoli Pie,548,536.0162129102431,11.983787089756902
Watermelon Cilantro Salsa Tropical,40,92.61794976951833,52.61794976951833
Lentil Chili Carrot Dogs,355,461.5423004189277,106.54230041892771
7-Up Biscuits,211,225.79714147554873,14.797141475548727
Lemon Blueberry Pie,233,351.80114982105306,118.80114982105306
The Best Brownies,296,223.33155830627166,72.66844169372834
Tilapia Ceviche,92,94.09488382324915,2.0948838232491482
Baked Shotgun Shells,656,606.1844131699615,49.815586830038455
Sushi Cake,356,602.1994433990246,246.19944339902463
Rigatoni al Segreto (Rigatoni with Secret Sauce),596,563.2657929958862,32.73420700411384
Easy Shortbread Cookies,146,167.85204239001433,21.852042390014333
Beef Enchilada Bake,665,650.1114168127394,14.888583187260565
Leftover Roast Chicken Coconut Soup,145,514.6895391782797,369.6895391782797
Turkey Sloppy Joes with Pears,307,325.821699046419,18.821699046418985
Super Easy Peanut Butter Cookies,79,157.57606869108804,78.57606869108804
Candied Sweet Potatoes,418,235.72960757603678,182.27039242396322
Bacon and Cheese Fat Bombs,217,253.7040845620958,36.7040845620958
Best Instant Pot Chicken Cacciatore,279,421.4339308375884,142.43393083758838
Oat Bran Tortillas,72,213.53168378924113,141.53168378924113
Weeknight Skillet Slaw,302,339.9060753894365,37.90607538943652
Pasta Alla Caponata,409,551.4897100265121,142.48971002651206
Skillet Gnocchi With Spinach and Feta,413,571.0443275489954,158.0443275489954
Melomakarona Cookies,133,318.14844786240553,185.14844786240553
Walnut Pesto,455,229.62016836946452,225.37983163053548
Orange Cranberry Ricotta Cookies,271,385.07330065839466,114.07330065839466
Pierogi (Traditional Polish Dumplings),76,486.4015365148016,410.4015365148016
Spicy Pickled Cucumbers,56,49.608393319176784,6.391606680823216
Tortellini Salad,415,452.0581437256263,37.05814372562628
Holiday Cranberry Sauce,111,131.3306318815618,20.3306318815618
Peanut Butter Ice Cream Topping,192,326.967042727,134.96704272699998
Ranch Mix Saltine Crackers,325,239.99106524870825,85.00893475129175
Beef Salad Sandwich Filling,228,295.36333208474673,67.36333208474673
Wheat Crackers,64,141.5221680571367,77.5221680571367
Deviled Eggs with Horseradish,139,109.6035462864434,29.396453713556596
TikTok&#39;s Air Fryer Shrimp,144,322.88525427577474,178.88525427577474
Japanese Tamago Egg,63,95.7764251514222,32.7764251514222
Grilled Green Beans,156,116.16229537529715,39.83770462470285
Indian-Style Grilled Chicken Salad,392,424.83727982657916,32.83727982657916
Cranberry Orange Oatmeal Cookies,104,162.07878306704367,58.07878306704367
Chinese Stir-Fried Sticky Rice with Chinese Sausage,545,399.7382413559747,145.2617586440253
Panettone,153,347.9576810649913,194.95768106499128
Down and Dirty Garlic Chili,321,275.28894389615937,45.71105610384063
Halloween Mummy Cookies,237,229.36403950027622,7.6359604997237795
No-Bake Key Lime Bars,315,400.5286447503687,85.5286447503687
Tinned Fish Garlic Noodles,655,599.5702795399491,55.42972046005093
Grandma&#39;s Strawberry Rhubarb Pie,432,285.3132577857891,146.68674221421088
Thanksgiving Corn Casserole,402,477.2332091353581,75.2332091353581
Blonde Apple Brownies,315,233.93140101565777,81.06859898434223
Apple Slab Pie,405,445.18645902323954,40.186459023239536
We’re Obsessed With Pizza Roses—and Will Take Them Over a Bouquet of Real Roses Any Day,98,405.990587680163,307.990587680163
Super Easy Ground Beef Stroganoff,519,448.43136271707874,70.56863728292126
Fresh Strawberry Granita,69,70.92618928182526,1.926189281825259
Honey Balsamic Vinaigrette,143,187.31116684767346,44.31116684767346
Hawaiian Iced Tea,152,229.03149325688128,77.03149325688128
Italian Tiramisu,748,455.99353815852345,292.00646184147655
Healthy Apple Spice Baked Oatmeal,196,253.11470698678517,57.114706986785166
These Viral Butter Beans alla Vodka Are the Easiest Weeknight Dinner,832,495.8932326950847,336.1067673049153
Shrimp and Avocado Salad,341,382.04387582032206,41.04387582032206
Turkey Salisbury Steak,238,379.2213981039659,141.2213981039659
Carrot Cake Cupcakes with Cream Cheese Frosting,428,383.7041584362753,44.29584156372471
Cream of Mushroom Soup,165,158.50800608191958,6.491993918080425
Fish Puttanesca,518,475.26621608097184,42.733783919028156
Garlic Fennel Flank Steak with Oranges,319,311.72372477993014,7.276275220069863
Guacamole with Nopales (Mexican Cactus),153,175.2521110246563,22.2521110246563
Chef John&#39;s Chicken and Rice Casserole,362,588.5302151434759,226.53021514347586
Easy Marinated Feta,519,320.28286773388385,198.71713226611615
Cheesy Bacon Tater Tots,360,344.9735255882772,15.026474411722802
How to Cook a Turkey,355,553.8592849966814,198.85928499668137
Crispy Buffalo Chicken Sandwiches,548,644.0120023142593,96.01200231425935
Authentic Falafels,262,227.414192880915,34.58580711908499
Million Dollar Ravioli Bake,679,515.3008919511608,163.6991080488392
Neiman Marcus Brownies—Only 5 Ingredients!,219,387.4908114893346,168.4908114893346
Cornbread Chicken Pot Pie,541,478.6091741236861,62.3908258763139
Grilled Chicken Meatballs,298,453.41384928218383,155.41384928218383
Perfect Deviled Eggs,69,160.01701346737224,91.01701346737224
Pumpkin Smoothie,155,185.2686415774466,30.2686415774466
AIP Breakfast Tapioca Porridge (Grain Free and Paleo),352,362.21901259796505,10.219012597965047
Easy Grape Salad,385,261.8779712808288,123.12202871917123
Shrimp Fajita Rice Casserole,328,436.8234272822515,108.82342728225149
Hawaiian Beef Stew,300,409.6296920351267,109.62969203512671
Corned Beef Hash Croquettes,223,609.9602414692448,386.9602414692448
Lamb Patties,222,351.53588667901136,129.53588667901136
Pizza Sauce and Dough,84,282.87007352469806,198.87007352469806
Roasted Greek Lemon Potatoes,282,299.82624185259704,17.826241852597036
Upside-Down Pear Gingerbread Cake,368,350.9461097894864,17.0538902105136
Steel-Cut Oats with Pumpkin and Spice (Overnight Method),163,209.76395141644417,46.76395141644417
Ground Pork Tacos with Pineapple Salsa,166,213.68503418611914,47.68503418611914
Beef and Vegetable Stew,367,383.7029149415332,16.70291494153321
Bry&#39;s Chocolate Lamb Chili,366,307.5270484879976,58.472951512002396
Cabbage Roll Skillet,360,337.22882368032197,22.771176319678034
Tofu Vindaloo,413,316.06494992207877,96.93505007792123
Healthier Broiled Tilapia Parmesan,180,286.35616050245,106.35616050245
Macaroni Salad with Pickles,689,409.47122151120345,279.52877848879655
Easy Cheese and Garlic Scones,180,261.1179145531813,81.11791455318132
Easy Florentine Cookies,160,271.696526476524,111.69652647652401
Classic Slow Cooker Corn Chowder,376,424.213166162759,48.21316616275902
Greek Burgers,479,461.64126496944954,17.358735030550463
Apple Crisp with Instant Oatmeal,222,391.86970905353047,169.86970905353047
3-Ingredient Lemon Blueberry Angel Bars,118,242.56683212153908,124.56683212153908
Jalapeño Popper Wontons,451,200.98389277746617,250.01610722253383
Coconut Milk Corned Beef and Cabbage,754,460.1497328048852,293.8502671951148
Italian Sausage Butternut Squash Soup,471,438.45111849162834,32.548881508371664
Loaded Kimchi Fries,500,350.66227438575527,149.33772561424473
Instant Pot® Indian Butter Chicken,841,529.4425386350808,311.55746136491916
Irish Whiskey Cake,561,340.87472588997343,220.12527411002657
Lamb and Cranberry Chili,364,527.8343626138131,163.83436261381314
Copycat Din Tai Fung Cucumber Salad,44,245.426009757893,201.426009757893
Best Mushroom Pâté,120,264.72925991847535,144.72925991847535
Cranberry-Orange Shortbread Cookies,93,105.11312384890802,12.113123848908018
Rosemary Garlic Knots,132,241.48801395826663,109.48801395826663
Easy French Toast Waffles,299,355.22056191073284,56.22056191073284
Mini Chicken and Mango Tostadas,145,312.1774102805876,167.1774102805876
Pesto Grilled Cheese Sandwich,503,620.1421556359742,117.14215563597418
Berry Chocolate Protein Smoothie,274,329.9441433002653,55.944143300265296
Easy One-Pot Ground Turkey Pasta,619,498.0850889748328,120.91491102516721
Apple Fritters I,181,265.78043079627946,84.78043079627946
Chicken and Andouille Gumbo,439,462.7433209950074,23.743320995007423
"Marinated Green Beans with Olives, Tomatoes, and Feta",183,204.1252210017172,21.125221001717193
Chocolate Chip Cookies from In The Raw Sweeteners,229,166.77915794045055,62.220842059549454
Anise Seed Rolls,169,184.96163539726598,15.96163539726598
Keto Instant Pot Soup (Low Carb),347,337.53558487556927,9.46441512443073
Healthy Strawberry Smoothie,174,221.80913541550785,47.80913541550785
Chicken and Egg Salad,274,286.85255069941354,12.852550699413541
Southern-Style Collard Greens,189,281.0983032270521,92.0983032270521
Slow Cooker Chicken Cordon Bleu,484,542.2917796955408,58.291779695540754
Home Style Macaroni and Cheese,642,524.4365795414873,117.56342045851272
Strawberry Raisin Rhubarb Pie,447,434.23544357094806,12.764556429051936
Pesto Turkey Cottage Cheese Meatballs,296,397.13274786005655,101.13274786005655
Red Onion Marmalade,112,284.46591204982747,172.46591204982747
Ooey-Gooey Cinnamon Buns,392,434.92951859519604,42.92951859519604
Butternut Squash and Spicy Sausage Soup,317,472.1739347601251,155.17393476012512
Mocha Granola,341,323.89117410042616,17.108825899573844
Tex-Mex Chicken and Zucchini,458,343.76390376049693,114.23609623950307
Overnight Chia Oats,338,253.2676362698651,84.73236373013489
Oh-So-Good Chicken,357,469.1117189976663,112.11171899766629
Lasagna-Stuffed Manicotti Shells,974,778.4958418962144,195.50415810378558
Tropical Smoothie with Kale,163,235.0729071601137,72.07290716011369
Juicy Pork Chops,309,379.40449839756656,70.40449839756656
Beef and Beer Fondue,198,313.87106221026255,115.87106221026255
Garden Stuffed Baked Potatoes,539,367.79093466919863,171.20906533080137
Perfect Cinnamon Roll Icing,69,146.91325497409412,77.91325497409412
Pumpkin Cornmeal Pancakes,499,302.94335776357195,196.05664223642805
Linguica (Smoked Portuguese Sausage),431,514.669124227973,83.66912422797304
Pool Hall Coleslaw,36,133.1356743208733,97.1356743208733
Savory Chicken Brine,626,346.49036480091786,279.50963519908214
Orange Scones with Orange Glaze,196,262.5902117239146,66.59021172391459
Banana Cream Cheesecake,790,613.7236120708325,176.27638792916753
Chicken with Quinoa and Veggies,445,383.44880405594347,61.55119594405653
Fiesta Chicken Burritos,711,433.03001759024136,277.96998240975864
Fresh Cranberry Salsa,72,112.72877628140701,40.72877628140701
Air Fryer Chicken Thigh Schnitzel,293,401.182406080546,108.182406080546
Herbed Blackberries on the Rocks,170,249.91082598507734,79.91082598507734
How to Make Chocolate Truffles,215,237.7906831512151,22.79068315121509
Easy Lemon Cake Cookies with Icing,287,247.36465552654613,39.63534447345387
Philly Cheese Steak Sloppy Joes,747,488.859822690038,258.140177309962
Island-Style Fried Rice,301,605.5066247327076,304.50662473270756
Lemon Pudding Pound Cake,220,378.6749247459653,158.6749247459653
Salted Caramel Sauce,215,423.6351374976283,208.6351374976283
Empanadas Abiertas de Humita (Creamy Corn Empanadas),224,299.9952997945709,75.99529979457088
Stuffed Jack-O&#39;-Lantern Bell Peppers,266,333.76933465820076,67.76933465820076
Orange Creamsicle Margarita,196,300.0300702905624,104.03007029056238
Instant Pot Pork Tenderloin,165,273.1619482422112,108.16194824221122
Mini Strawberry Tarts,280,403.5200572756601,123.52005727566012
Toasted Garlic Bread,213,350.36842440503494,137.36842440503494
Cheesy Cauliflower Cakes,152,366.6151656272626,214.61516562726263
Amazing Simple Thai Tofu,285,258.1116852307972,26.888314769202793
Cocojito (Frozen Mojito),586,324.673660330368,261.326339669632
Watergate Salad with Coconut,372,239.36990769545747,132.63009230454253
Eggs Benedict,879,387.0232636120973,491.9767363879027
Stir-Fry Chicken and Vegetables,314,354.99998462916574,40.99998462916574
Chocolate Buttermilk Pie with Whiskey and Almonds,415,564.3129974981999,149.31299749819993
Red Cabbage and Celery Root Coleslaw with Apple Cider Dressing,185,82.17130388783082,102.82869611216918
French Onion Soup (Slow Cooker),120,216.6606816555178,96.6606816555178
Chicken and Veggie Fried Rice,389,570.3248228377472,181.3248228377472
Slow Cooker Greek Lemon Chicken and Potatoes,904,471.8931984205665,432.1068015794335
No-Bake Cookies,110,169.65491812707785,59.65491812707785
Lasagna Stuffed Shells,734,522.860082161825,211.13991783817505
Hash Cake Eggs Benedict with Balsamic Glaze,429,552.0742613564447,123.07426135644471
Easy Ham and Cheese Biscuits,248,472.27889341073404,224.27889341073404
Wreath Cookies,188,174.06104816567353,13.938951834326474
Honey-Mustard Roasted Potatoes,195,218.52210049548793,23.522100495487933
Spanish Omelette,252,380.55855656390116,128.55855656390116
Yummy Candied Yams - Developed Version,92,241.73367701665833,149.73367701665833
Old-Fashioned Chicken And Slick Dumplings,1146,436.4244755880013,709.5755244119987
Corn and Tomatillo Salsa,201,130.20985224057986,70.79014775942014
French Toast II,341,264.84994769225153,76.15005230774847
Coffee Liqueur,335,181.47088209095074,153.52911790904926
Harvest Salad,338,385.5522581629954,47.55225816299537
Heather&#39;s Gingerbread Cookies,264,205.84380526433802,58.156194735661984
Broccoli Cheese Soup,265,374.99513553815257,109.99513553815257
Palak Paneer Curry,506,327.4595930826991,178.5404069173009
Fire-Roasted Poblano Salsa,19,135.7756281612638,116.7756281612638
Raspberry Cream Cheese Frosting,72,119.7788406926312,47.778840692631206
Copycat Taco Bell Nacho Fries,251,439.3530411212987,188.3530411212987
Grandma&#39;s Chicken Soup,630,289.6513379001173,340.3486620998827
Roasted Turkey Legs,558,365.85262149244363,192.14737850755637
White Chocolate Blondies,325,225.55591702659177,99.44408297340823
Oatmeal Craisin Cookies,238,227.6151371843638,10.384862815636211
Cauliflower Mac-N-Cheese,471,311.8393105059203,159.1606894940797
Oven-Roasted Ribs,634,484.72827249054075,149.27172750945925
Chinese Pepper Steak,312,426.4666621161379,114.46666211613791
Gluten-Free Zucchini Bread (or Muffins),561,167.3119412596978,393.6880587403022
Asian Coleslaw Light,135,268.7457080698055,133.74570806980552
Air Fryer Blackened Chicken Breasts,245,316.5447663362153,71.54476633621528
Happy Family Oatmeal Bake,283,219.41137340370835,63.58862659629165
Zucchini Pesto,181,301.92913940775907,120.92913940775907
Eggnog Cookies,98,184.77208787371728,86.77208787371728
Raspberry Molasses Crinkles,89,210.51002523855217,121.51002523855217
Cuban Marinated Steak,245,487.0776213248569,242.07762132485692
Warm Green Bean and Potato Salad with Goat Cheese,252,331.3854635451345,79.38546354513448
Signature Pumpkin Pie,310,384.85218333063835,74.85218333063835
Spicy Carrot Cake,330,308.9126565048805,21.087343495119512
Sloppy Joes for a Crowd,305,386.246998760321,81.24699876032099
Brown Sugar and Pineapple Glazed Ham,239,507.55121242672845,268.55121242672845
Snickerdoodle Bread,329,305.85537349197773,23.14462650802227
Loaded Bundt Pan Copycat Taco Bell Nacho Fries,1025,584.8700180523099,440.1299819476901
Trader Vic Mai Tai Cocktail,255,258.8071966713693,3.8071966713692973
Tequila Orange Fizz,119,232.7116467240745,113.71164672407451
Whipped Cream Mousse Frosting,129,243.16501662768403,114.16501662768403
Buttermilk Cornbread with Bacon and Corn,178,263.52332043663455,85.52332043663455
Backpacking Oatmeal,389,284.4366711303946,104.56332886960541
Chocolate Cream Frosting,232,337.9328657604614,105.93286576046142
Gluten-Free Hot Breakfast Cereal,257,289.5578766021078,32.5578766021078
Fennel Seed Spiked Pork Roast,252,278.84904241164253,26.84904241164253
Mother&#39;s Whipped Lime Dessert,372,248.14377685247473,123.85622314752527
Moon Pies,325,397.39285638356125,72.39285638356125
Easy Cabbage Roll Casserole,302,448.6883091109486,146.68830911094858
Our Favorite Balsamic Vinaigrette,133,158.1607902008376,25.160790200837596
Korean Barbecue Short Ribs Teriyaki,624,527.1838449796771,96.81615502032287
Greek Veggie Salad II,211,320.6277951284659,109.62779512846589
Pecan Tassies,166,428.87449244309596,262.87449244309596
Sous Vide &#34;Poached&#34; Eggs,72,128.8506479632366,56.85064796323661
English Pie Crusts,344,351.47516390438216,7.475163904382157
Authentic Homemade Italian Egg Pasta Dough,297,322.95966032240545,25.959660322405455
Molasses Cake,298,261.8743685073401,36.12563149265992
Donut Ice Cream Sandwiches,384,370.2862331100093,13.713766889990723
Garlic Butter Steak Bites,531,514.3027490733496,16.69725092665044
Easy Baked Pork Chops,457,462.16933132294315,5.169331322943151
Nutty Granola,263,309.9023031673568,46.90230316735682
Strawberry Shortcake Cupcakes,243,330.84384887412347,87.84384887412347
Bacon Popcorn,216,214.85470664826272,1.1452933517372799
Coconut Curry Butternut Squash Soup,315,292.3633059872362,22.636694012763826
Steak and Cheese Egg Rolls,233,441.45230390587506,208.45230390587506
Juneteenth &#39;Red Punch&#39; Strawberry Lemonade,57,154.99247191983957,97.99247191983957
Oven-Roasted Asparagus,123,84.36715631238012,38.63284368761988
Mom&#39;s Mandelbrot,151,211.8988259293351,60.89882592933509
Moroccan Harira Soup,214,560.1642054503006,346.16420545030064
Brown Sugar Pie II,277,311.9862574189158,34.986257418915784
Loaded Chicken Potato Soup,510,599.5838341486023,89.58383414860225
Crab Boil,416,321.50130491666135,94.49869508333865
Cauliflower Side Dish,138,181.15385737384898,43.15385737384898
Flavorized Slow Cooker Meatloaf,295,292.834109962827,2.1658900371730283
Cheese Stuffed Manicotti,654,421.27872420716477,232.72127579283523
Delicious Artichoke Dip,221,194.33725990630782,26.66274009369218
Broccoli with Poppy Seed Sauce,189,206.6582135148459,17.658213514845897
The Italian Irishman&#39;s Pie,373,445.29013922725494,72.29013922725494
Spiced Air-Fried Chickpeas,124,182.59379686895457,58.59379686895457
Cookie Mix in a Jar VII,132,67.24275008260955,64.75724991739045
Simple Tortellini Soup,249,361.1110327878773,112.11103278787732
Best Keto Bread,247,239.6634232548826,7.336576745117412
True Bangers and Mash with Onion Gravy,516,439.5961296023824,76.4038703976176
Caribbean BBQ Sauce,92,338.93241449949915,246.93241449949915
Vegan Pineapple Upside-Down Cake,341,280.9061151794814,60.09388482051861
Instant Pot Vegan Cabbage Detox Soup,67,3.897313267740415,63.102686732259585
Simple Quiche Lorraine,359,440.58360599082357,81.58360599082357
Larb Gai,266,345.81761141392514,79.81761141392514
Sausage Gravy III,671,323.1990994963865,347.8009005036135
Dong&#39;an Chicken,353,439.5039869319911,86.50398693199111
Chef John&#39;s Salami Bread,366,456.70671481655296,90.70671481655296
Quinoa Fried Rice,189,335.1143899460176,146.11438994601758
Slow Cooker Mongolian Beef,450,377.7268508461659,72.27314915383408
Summer Soup of Butternut and Corn,235,145.25513885550825,89.74486114449175
Artichoke Casserole,360,401.75948335622536,41.75948335622536
Slow Cooker Gingerbread Cake with Lemon Sauce,379,284.30647773535134,94.69352226464866
Indian Lassi,50,254.6645685754235,204.6645685754235
Air Fryer Chicken Thighs,213,368.0223165449065,155.02231654490652
Barbecued Chicken Quesadillas,803,433.48218872195446,369.51781127804554
Saltine Cracker Toffee,150,314.0648341783926,164.06483417839257
Banana Split Cheesecake,428,566.9697077541284,138.96970775412842
Creamy Potato and Leek Soup,250,297.93603491475517,47.93603491475517
Spicy Quince and Cranberry Chutney,128,163.70775297251802,35.70775297251802
Pistachio Salad,159,224.9342885237844,65.9342885237844
Jo&#39;s Manicotti,399,432.1306765366743,33.13067653667429
Cordon Bleu Chicken Rolls,490,482.2337912975835,7.76620870241652
Lingonberry Jam,42,195.15061886763516,153.15061886763516
American Flag Cookie Cake,291,499.8158178925622,208.81581789256222
Kay Kay&#39;s Pulled Pork,339,432.2171272447375,93.21712724473753
Deep Dish Strawberry Pie,332,348.46255315443227,16.46255315443227
Yummy Yam Casserole,491,424.822003966848,66.177996033152
Instant Pot Refried Beans,212,252.64336939697347,40.64336939697347
Zucchini Pickles,20,144.9269928962008,124.9269928962008
Buffalo Chicken Sushi Roll,522,477.5841103876079,44.41588961239211
Bread and Butter Pickle Deviled Eggs,77,221.93646053734574,144.93646053734574
Maple Glazed Carrots,120,205.25731823550709,85.25731823550709
Turkey Porchetta,383,491.6038985797974,108.60389857979737
Mint Chutney,13,128.4985932429412,115.49859324294121
Seafood Paella,367,505.03610418979054,138.03610418979054
Shrimp and Jalapeno Nachos,209,472.775173555761,263.775173555761
Slow Cooker Italian Sausage Soup,352,518.3515076165448,166.35150761654484
Lobster Mornay Sauce,487,544.6564961056088,57.65649610560877
"Potato, Leek, and Spinach Soup",232,327.0640264957358,95.06402649573579
Honey-Glazed Pork Tenderloin,210,337.2113749265329,127.21137492653293
Scooter&#39;s Vegan Tempeh Chili,427,408.65095906892986,18.349040931070135
Italian Cream Cheese and Ricotta Cheesecake,704,458.37392410479697,245.62607589520303
Spicy Three Pepper Hummus,65,154.66648523020774,89.66648523020774
Leftover Turkey Pull-Apart Bread,314,586.5135694236499,272.51356942364987
Overnight Matzo Bake,311,241.77039484279533,69.22960515720467
Homemade Lasagna,638,516.1397642752643,121.86023572473573
Instant Pot® Chicken Tinga,380,286.4156213843486,93.58437861565142
Easy Minestrone Soup,365,355.5070821020705,9.492917897929487
Wacky Cake,225,181.89497996387246,43.10502003612754
Caraway Rye Bread (for the bread machine),93,216.96021426061992,123.96021426061992
Thai Chopped Chicken Bean Salad,341,518.4858252198032,177.48582521980325
Buttermilk Chess Pie,471,441.3895727151464,29.610427284853586
Jay&#39;s Hearty Breakfast Skillet,929,451.91509343633885,477.08490656366115
Chinese Dandelion Dumplings,602,443.52913077781653,158.47086922218347
Mason Jar Ice Cream,440,326.9413161655671,113.05868383443288
Grilled Brown Sugar Pork Chops,262,362.44856510171337,100.44856510171337
Wild Turkey Gumbo,482,372.2656645254749,109.7343354745251
Pink Brain Shooter,252,243.22555028251642,8.774449717483577
Pumpkin Tahini Pie,225,368.6251210769337,143.62512107693368
Chicken Lemon Linguine,400,637.5662164017562,237.56621640175615
Garlic Cheese Flatbread,107,296.05312192256577,189.05312192256577
Zucchini and Ground Beef Skillet,589,409.7011158867752,179.2988841132248
Quick Poached Salmon with Dill Mustard Sauce,322,275.3791144134058,46.62088558659423
Ras Malai,216,272.7122750035403,56.7122750035403
Strawberry Tarts,122,257.67328248056685,135.67328248056685
Quick Alfredo Sauce,160,313.87490297985835,153.87490297985835
Leftover Meatloaf Tater Tot Casserole,607,485.29773819337345,121.70226180662655
Jalapeno Poppers II,460,310.38395258626394,149.61604741373606
Baked Mashed Potatoes,295,346.13029712321145,51.13029712321145
How to Make Perfect Polenta,291,291.39968872586155,0.3996887258615516
Princess Cookies,90,120.57582140085933,30.575821400859326
Emma&#39;s Belgian Waffles,445,391.73119088768937,53.268809112310635
Chocolate Waffle Cookies,87,259.8475569311603,172.84755693116028
Caramel Rolls,251,345.7487297276076,94.74872972760761
Fish Tacos al Pastor,670,453.6475557164189,216.35244428358112
Grandad’s Pancakes,263,225.1839193515234,37.8160806484766
Kadai Chicken,339,298.01921197690535,40.98078802309465
Dave&#39;s Low Country Boil,722,430.7309109910377,291.2690890089623
"Mango, Coconut, and Chia Seed Pots",210,226.50456925429535,16.504569254295347
Spicy Salmon Maki,506,545.1066681980981,39.10666819809808
Cauliflower Almond Pizza Crust,138,128.38901317580215,9.610986824197852
Orange Pecan Pie,427,420.27019915329095,6.729800846709054
Val&#39;s Pumpkin Scones,149,240.5547129521463,91.5547129521463
Copycat McDonald&#39;s Snack Wraps,349,586.0551071631235,237.05510716312347
Italian Roasted Cauliflower,90,104.42546824235068,14.425468242350675
Chocolate Fondue,122,289.9632965242555,167.9632965242555
Crispy Yuca Fries,223,280.79644684036447,57.79644684036447
Southern Pecan Pie Bars,270,422.4061457537821,152.40614575378208
Easy Sous Vide Corned Beef,125,316.50597210544413,191.50597210544413
Raspberry Rosé Wine Slushie,222,217.13559829310577,4.864401706894228
Two-Ingredient Air Fryer Bagels,185,237.33460807444249,52.334608074442485
Real Wisconsin Fried Cheese Curds,370,399.2184490296233,29.218449029623287
2-Ingredient Frozen Fruit Smoothie,161,267.7449591811042,106.7449591811042
Anisette Biscotti,147,173.96957153519602,26.969571535196025
Tangy Poppy Seed Fruit Salad,178,156.22207524337747,21.777924756622525
"Curried Cashew, Pear, and Grape Salad",372,404.00257705626944,32.002577056269445
Best-Ever Buckeye Brownies!,233,366.79248639085006,133.79248639085006
Sarma (Stuffed Cabbage),315,511.37280722640907,196.37280722640907
Big Mac® Burritos,524,624.558337326825,100.55833732682504
Greek Orzo Salad,393,254.46170551773625,138.53829448226375
Yummy No-Bake Cinnamon Rolls for Kids,124,199.54797994295342,75.54797994295342
Best Sweet and Sour Brisket,401,465.4152027701665,64.4152027701665
Easy Hamantaschen,247,245.0898988221042,1.9101011778957968
Aunt Jewel&#39;s Chicken Dressing Casserole,236,345.43549138047024,109.43549138047024
"Almond, Apple Cinnamon Scones",311,264.2509454874082,46.74905451259178
Simple &#39;N&#39; Delicious Chocolate Cake,282,332.49422280614544,50.494222806145444
Quick Miso Soup,165,206.96395059896082,41.96395059896082
Nana&#39;s Tuna Puttanesca Sauce with Spaghetti Pasta,329,411.81633404454277,82.81633404454277
Baked BBQ Pulled Pork Nachos,624,558.7187958401187,65.28120415988133
Everything Bagel Monkey Bread,252,399.33949393530423,147.33949393530423
Kyera&#39;s Hearty Beef Borscht,238,287.8980808841869,49.898080884186925
Fish Tacos,409,445.6551373264705,36.65513732647048
Indonesian Spiced Rice,226,242.43853118370856,16.438531183708562
Homemade Noodles,263,202.33650362886766,60.66349637113234
Exquisite Pulled Pork,439,332.84560555663256,106.15439444336744
Vegetable and Feta Latkes,225,311.7437232906938,86.74372329069382
Puerto Rican Mondongo,351,457.0140833469005,106.01408334690052
Slow Cooker Lemon Garlic Chicken,192,225.79132074139136,33.79132074139136
Nana&#39;s Mashed Turnip,141,240.34601201330167,99.34601201330167
Greek Pumpkin Pie,773,310.42307115723486,462.57692884276514
Mocha Brownies with Coffee Frosting,126,323.4304899906882,197.43048999068822
Creamy Tater Tot Casserole,707,535.2073455919797,171.79265440802033
Do-It-Yourself Salmon Poke Bowls,511,586.853147397442,75.85314739744194
Old Fashioned Crumb Cake,204,292.2485058872917,88.24850588729169
Sugar Snap Pickled Peas,10,134.226327197689,124.22632719768899
Kim&#39;s Buttermilk Spice Cake,587,428.8110002334016,158.18899976659839
Bean &amp; Pasta Soup,213,341.47485650516705,128.47485650516705
Thai Curry Tofu,282,264.85348362485655,17.14651637514345
Air Fryer Burgers,215,241.76272888626266,26.762728886262664
Mock Macaroons,83,210.31641430608096,127.31641430608096
"Bacon, Tomato, and Avocado Flatbread",599,459.32898192502694,139.67101807497306
Easy No-Fail Pie Crust,156,232.33347527999385,76.33347527999385
Brandied Pepper Steak,566,535.1381644145317,30.86183558546827
Cream Cheese Frosting,140,144.4378895225692,4.437889522569208
Pot Roast in Beer,387,387.55872375326175,0.5587237532617451
Apple Strudel Muffins,264,195.04567647012934,68.95432352987066
Grandma&#39;s Creamy Potato Salad,538,290.2970991249919,247.70290087500808
Artichoke Bruschetta,278,237.5736691255047,40.42633087449531
Smoked Salmon Sandwich,366,521.4900277762199,155.4900277762199
Chicken Parmesan Gnocchi,971,504.91433545753523,466.08566454246477
Savory Mango Guacamole,254,193.3477066715135,60.65229332848651
Easy Corned Beef and Cabbage,850,436.47089284740645,413.52910715259355
Family-Favorite Spinach Artichoke Dip,158,304.3257672453367,146.3257672453367
Arroz con Leche (Rice Pudding),180,264.0138133336437,84.01381333364372
The Best Sweet and Sour Meatballs,516,313.9776116291697,202.0223883708303
Monkey Bread Muffins,313,254.7462682364866,58.2537317635134
Sweet Potato and Turkey Shepherd&#39;s Pie,452,532.7765360275127,80.77653602751275
Instant Pot® Thai Red Curry with Chicken,489,461.0970763561186,27.902923643881422
Nutella® Chocolate Chip Cookies,161,259.5547123035302,98.55471230353021
Perfect Pickled Asparagus,37,111.99800866489441,74.99800866489441
Homemade Bisquick,140,109.74718129005181,30.252818709948187
"Red, White, and Blue Pie",392,289.0646713216003,102.93532867839969
Snickerdoodle Pancakes,271,375.9519656748031,104.95196567480309
Easy Easy Casserole,486,414.7678568003453,71.23214319965467
Homemade Mini Cinnamon Rolls,642,343.7772095539492,298.2227904460508
Jif Peanut Butter Fudge,136,174.53487775455915,38.53487775455915
Chocolate-Dipped Pistachio Biscotti,99,324.1942117031889,225.1942117031889
Gulab Jamun,144,371.3325147037005,227.3325147037005
Egg and Hash Brown Casserole,386,565.6240870083884,179.62408700838841
Cheeseburger Chowder,540,521.3556097133078,18.644390286692214
Springfield Style Cashew Chicken,738,561.9270507760918,176.07294922390815
Meringue Mushrooms,41,123.56877914136187,82.56877914136187
Quick and Easy Monkey Bread,389,324.7672986419832,64.23270135801681
Poor Man&#39;s Beer Batter Fish,286,465.1874348472165,179.18743484721648
Simple Yorkshire Pudding,90,147.1508545892359,57.150854589235905
Hawaiian Beach Shrimp,404,299.64449414407295,104.35550585592705
North Indian Nepali Curry Dumplings,415,406.02179032025316,8.97820967974684
Vegetarian Chickpea Tacos,331,292.36549440856226,38.634505591437744
Easy Shepherd&#39;s Pie with Garlic Romano Potatoes,392,551.7783833364439,159.77838333644388
Amish Sugar Cakes,186,355.92838230900884,169.92838230900884
Asparagus Side Dish,194,159.30471098467947,34.695289015320526
Peanut Butter Chili,347,414.9897930782136,67.98979307821361
Karaage (Japanese Fried Chicken) with Honey Mayoster Sauce,681,516.5068847915577,164.4931152084423
Old Time Soft Sugar Cookies,115,153.34234884432607,38.34234884432607
Beer Brined Pork Chops,217,316.1034350019825,99.10343500198252
Cream of Asparagus and Mushroom Soup,155,357.2162281128464,202.2162281128464
Potato Cakes with Smoked Salmon,160,455.0387995180563,295.0387995180563
Honey Sriracha Chicken,176,251.1797213240399,75.17972132403989
Southern-Style Egg Salad,102,207.79675198974945,105.79675198974945
Triple Seared Whiskey Burger,741,539.6850201549631,201.31497984503687
Authentic Hungarian Goulash,339,321.5251033088639,17.47489669113611
Coney Island Hot Dogs,528,456.89104654505354,71.10895345494646
Vitamix Hummus,30,183.6620441442842,153.6620441442842
Halloween Pumpkin Whoopie Pies,375,548.2729846800414,173.27298468004142
Meatless Shepherd&#39;s Pie,302,341.42311282683556,39.42311282683556
Shortcut Shepherd&#39;s Pie,336,470.32042376341417,134.32042376341417
Kefta,192,279.83009621569346,87.83009621569346
London Broil I,222,371.65099406836634,149.65099406836634
New England Crab Cakes,452,348.68244980125223,103.31755019874777
Apple Cobbler Crumble,253,307.0581938927901,54.05819389279009
Copycat McDonald&#39;s Apple Pies,265,370.165483144897,105.165483144897
Chocolate Tart,322,351.36784119379695,29.36784119379695
Passover Iced Lemon Loaf,398,320.84385219732326,77.15614780267674
Raw Pad Thai,452,254.47105528759226,197.52894471240774
Poblano Rice,256,312.6317504457229,56.6317504457229
Hoy Lai Pad Nam Prik Pow (Clams with Chili Paste and Basil),318,340.2820538084797,22.282053808479702
Broccoli Cheddar Mac and Cheese,526,612.7719516006063,86.77195160060626
Chickpeas and Chorizo,411,391.5309603935533,19.4690396064467
Creamy Cheesy Spinach Dip,115,232.23582094290498,117.23582094290498
Cheesy Shrimp and Grits,449,364.6509043390794,84.34909566092063
Pineapple Chicken Teriyaki,390,402.483991474041,12.483991474040977
Sam&#39;s Famous Carrot Cake,374,441.41513511782614,67.41513511782614
Sour Cream Sugar Cookies IV,95,124.25165433661282,29.251654336612816
Perfect Potato Salad,279,267.881905397781,11.118094602219003
Gluten-Free Zucchini Bread,284,271.6174740613983,12.382525938601702
Buffalo Chicken Dip,284,339.2151206706103,55.215120670610304
"Black Bean, Avocado, and Corn Salsa",215,301.8826588504102,86.88265885041022
Chicken Fried Pheasant,275,405.2954496119677,130.29544961196768
Homemade Wonton Soup,363,480.6704785454061,117.67047854540613
Butt Stompin&#39; Barbeque Sauce,27,281.5440745710166,254.5440745710166
Grilled Brussels Sprouts with Bacon and Peppers,156,328.7317033965711,172.7317033965711
Black Bean and Rice Burritos,428,426.9226397295437,1.0773602704563245
Boston Baked Beans,382,327.16833213354244,54.831667866457565
Instant Pot Indian Chicken Curry,160,308.12859472556,148.12859472556
Cheddar Herb Soda Bread,205,261.78273580727404,56.78273580727404
Sesame Date Rolls,118,230.6739367631116,112.67393676311161
Purim Hamantaschen with Prune Filling,95,317.4779562553458,222.47795625534582
Chef John&#39;s Chicken Meatballs,430,509.054161431706,79.054161431706
Big Batch Spiked Arnold Palmers,147,206.41415820973558,59.414158209735575
Cinnamon Chip Pumpkin Mini Muffins,158,153.20318535246824,4.796814647531761
Almond Puff Pancakes,334,369.110754286723,35.11075428672302
Air Fryer Chicken Kiev Balls,154,321.6822661953413,167.6822661953413
Sauteed Shrimp over Polenta,406,352.6919736774413,53.3080263225587
Air Fryer Roasted Cauliflower,118,104.25659320909745,13.743406790902554
Supreme Strawberry Topping,96,145.3455694102182,49.34556941021819
Clone of a Cracker Jack,349,329.25290562463175,19.74709437536825
Veggie Bulgur Salad (Kisir),187,265.27699680905437,78.27699680905437
Sunomono (Japanese Cucumber Salad),27,29.777557550266465,2.777557550266465
Japanese Sweet Omelet,162,228.47486071303044,66.47486071303044
Slow Cooker Apple Cider Braised Pork,389,535.6925394898841,146.6925394898841
Easy Stovetop Chicken Teriyaki in Orange Ginger Garlic Sauce,300,326.3614351715728,26.361435171572793
Shrimp Biryani,294,539.804153217274,245.804153217274
Lemon Fudge with Sweetened Condensed Milk,37,199.97917717019828,162.97917717019828
Healthy Chicken Salad,218,237.93206766783243,19.932067667832428
Nana&#39;s Green Chile Make-Ahead Breakfast Casserole,533,553.8802976088839,20.880297608883893
Stewed Okra with Tomatoes,66,158.79160977163278,92.79160977163278
Mocha Fudge,70,291.2454681847295,221.24546818472948
Spinach Con Queso Dip,484,200.11490268335262,283.8850973166474
Gingerbread Boys,73,224.15640854242076,151.15640854242076
Chef John&#39;s Swedish Meatballs,479,589.937148453575,110.93714845357499
Sweet Corn Gazpacho,248,306.67324714517144,58.673247145171445
Healthy Quinoa Salad,266,304.87536328649605,38.875363286496054
Fall in Love (with) Guacamole,173,170.51507279233545,2.4849272076645548
Chef John&#39;s French Omelette,393,304.5815800672516,88.4184199327484
Beef and Broccoli Ramen Stir Fry,440,535.7618643868132,95.76186438681316
Baked Brie en Croute,497,310.7094448295592,186.29055517044083
Apple-Flavored Pot Roast,792,384.2967910669382,407.7032089330618
Irish Egg Rolls,286,325.3835280041734,39.3835280041734
Chef John&#39;s Homemade Eggnog,463,404.43357606370483,58.566423936295166
Zesty Tomato Sauce,127,241.8547439640467,114.85474396404669
Banana Bread Espresso Martini,316,422.5811871282863,106.58118712828627
Jumbo Shrimp and Asparagus,107,235.25856514237014,128.25856514237014
Easy Freezy Pumpkin Pie,245,333.03199424770503,88.03199424770503
Cheese Fritters,883,256.06217734911036,626.9378226508896
Mexican Tres Leches Cake (Pastel de 3 Leches),545,626.0383957107252,81.03839571072524
Black Bottom Butterscotch Fudge,280,371.06363086650026,91.06363086650026
Vegetarian Gnocchi with Spinach and Mushroom-Butter Sauce,289,417.8015920772393,128.80159207723932
Shrimp Scampi with Rice,335,446.19064998393276,111.19064998393276
Raspberry Mousse,512,218.58664325508926,293.41335674491074
Kathy&#39;s Baked Stuffed Tomatoes,303,281.41130108074805,21.588698919251954
Cinnamon-Apple Strata,298,358.36517169443164,60.36517169443164
Breaded Chicken Fingers,346,477.67916410145244,131.67916410145244
Green Gazpacho,276,162.22625408283545,113.77374591716455
Chicken Fajita Melts,397,458.27742610104474,61.27742610104474
Mom&#39;s Portuguese Beef Stew,398,528.6618727764005,130.66187277640051
Coconut Date Bars,249,204.00149003055492,44.99850996944508
Key Lime and Raspberry Pies in Jars,509,441.57518385784226,67.42481614215774
Nova Scotia Style Donair,511,493.6021459991557,17.39785400084429
The Arnold Palmer,60,209.65674824427137,149.65674824427137
Arugula and Watermelon Salad,245,222.33676421413975,22.663235785860252
Spinach Feta Crescent Rolls,114,206.91865541466234,92.91865541466234
Shrimp Mac and Cheese,232,463.0077965819771,231.00779658197712
Snickerdoodle Blondies,277,364.2319594836938,87.2319594836938
Georgia&#39;s Tennessee Jam Cake,685,440.02585629817503,244.97414370182497
Air Fryer Hamburgers,279,368.94730047097954,89.94730047097954
Mother&#39;s Day Garden,158,270.6642524398001,112.66425243980012
Wake-Up Casserole,566,335.18508860583313,230.81491139416687
Gnocchi with Tomato Sauce and Mozzarella,744,359.02238278327644,384.97761721672356
Lemony Mediterranean Chicken,517,378.8914785563739,138.1085214436261
Pork Chop Suey,194,379.3492479140245,185.3492479140245
Slow Cooker Beef Stew,576,352.4876017130175,223.5123982869825
Portuguese Muffins - Bolo Levedo,287,196.49227590746176,90.50772409253824
Dead Bones (L&#39;Ossa Morte),105,172.8194610737439,67.8194610737439
Chinese Spareribs,503,425.52327245672024,77.47672754327976
Chef John&#39;s Three Corn Polenta,166,282.66028159899747,116.66028159899747
Florentine Artichoke Dip,194,143.58973465698307,50.41026534301693
Dad&#39;s Chili,415,489.1623236388564,74.16232363885638
Tuna Noodle Casserole III,551,513.0165700667267,37.98342993327333
Chef John&#39;s Gazpacho,132,215.24768937174852,83.24768937174852
"Shrimp Scampi with Tomatoes, Pasta, and Roasted Asparagus",442,572.5896068913121,130.5896068913121
Mock-a-Roons,106,280.5414858579245,174.5414858579245
Mushroom and Farro Soup,243,270.0701766446082,27.070176644608182
Spring Vegetable Frittata for Mother,315,409.9161203174401,94.91612031744012
No-Sugar Pumpkin Pie,146,242.36654995705464,96.36654995705464
Quick Artichoke Pasta Salad,155,298.80819793533476,143.80819793533476
Spanish Paella,524,646.8011258734161,122.80112587341614
Cranberry Mascarpone Cheesecake,537,507.93579317055105,29.06420682944895
Strawberry and Rhubarb Shortcakes,321,474.9363645337763,153.93636453377633
Budae Jjigae (Korean Army Base Stew),697,534.6191808425544,162.38081915744556
Grandma&#39;s Red Hot Southern Sweet Potatoes,513,311.3615845741213,201.6384154258787
Chef John&#39;s Creamy Mushroom Soup,272,387.64027164680897,115.64027164680897
Garlic Chicken Stir Fry,337,353.8898677704972,16.889867770497176
Deconstructed Spam Musubi,378,399.33746707216665,21.337467072166646
Citrus Jell-O® Salad,417,324.26888874898066,92.73111125101934
Kingombo Patatas,133,214.50552334317535,81.50552334317535
Japanese Soup with Tofu and Mushrooms,100,64.58649173825307,35.41350826174693
Cheesy Mashed Potato Puffs,237,370.96294477847516,133.96294477847516
Tomato and Bocconcini Salad,259,330.0272450070704,71.0272450070704
Simple Buttermilk Coffee Cake,203,308.01407260523166,105.01407260523166
Mom&#39;s Turkey Sausage Patties,169,259.3295977503584,90.3295977503584
Tomato Concasse,33,66.77124569293966,33.77124569293966
Beef Teriyaki,232,462.405234834918,230.40523483491802
Crunchy Curried Kale,440,395.31664657557565,44.683353424424354
Orange and Lentil Soup,172,185.04279576931623,13.042795769316228
Authentic Italian Rice Pudding,394,481.8190279105787,87.81902791057871
Pumpkin Protein Cookies,85,107.33046799043198,22.330467990431984
Smothered Pork Chops,187,297.4195286973212,110.4195286973212
Campfire S&#39;Mores Bread Pudding,358,345.52197897795713,12.478021022042867
Tender Juicy Skirt Steak (Churrasco),204,290.70933991428853,86.70933991428853
Old Bay Fries,431,275.70127371784395,155.29872628215605
Betty&#39;s 3-Bean Hot Dish (a la Minnesota),360,469.5549271644874,109.55492716448742
Almond Jell-O with Lychee,239,186.19164769899032,52.80835230100968
Wilted Spinach Salad,221,229.0637196561574,8.063719656157389
Pot Pie with Leftover Pot Roast and Vegetables,497,515.1393182460624,18.13931824606243
Espresso Martini Cookies,170,291.59470573885324,121.59470573885324
Carrot Cake,575,491.1947192007656,83.80528079923442
Easy 4-Ingredient Low-Carb Keto Wraps,69,196.60963838672563,127.60963838672563
Slow Cooker Moscow Chicken,446,363.38015778646877,82.61984221353123
Homemade Bloody Mary Mix,30,8.431077697564277,21.568922302435723
Mini Spam Sandwiches,175,552.1453139373921,377.1453139373921
Squash and Zucchini Casserole,358,608.1312873129672,250.13128731296717
Fried Pork Chops,207,421.65798918016526,214.65798918016526
Air Fryer Butternut Squash Home Fries,92,232.50110929283207,140.50110929283207
Restaurant-Style Chicken Scampi,548,527.5347459066015,20.46525409339847
Apple Butter Pumpkin Pie,413,480.2275008665765,67.22750086657652
Red Velvet Chocolate Chip Cookies,205,249.73802093263026,44.73802093263026
Alligator Nuggets,462,379.17362307863624,82.82637692136376
Cornmeal Bacon Waffles with Cheese Sauce,734,466.3004333970278,267.6995666029722
Lemon Meringue Cheesecake,483,468.51458267620916,14.485417323790841
Air Fryer Corn on The Cob,144,184.42805762562602,40.428057625626025
Zucchini Cookies,85,111.04070287897918,26.040702878979175
#1 Pea Salad Most Requested!,333,257.5169926388294,75.48300736117062
Chocolate and Candy Cane Cookies,263,247.87354163070768,15.126458369292322
South Texas Borracho Beans,363,229.1169777538648,133.8830222461352
Real German Potato Salad (No Mayo),151,284.64259611403463,133.64259611403463
Pork Sausage Gravy,547,291.98530160476327,255.01469839523673
Raspberry Icebox Cake,295,482.6120824857898,187.6120824857898
Papas con Chorizo,199,323.9201822249197,124.9201822249197
Chicken Cordon Bleu Sandwich,384,537.4268548030303,153.42685480303032
Vegetarian Sliders,369,291.221872493659,77.77812750634098
Ukrainian Goulash,620,435.8570169615857,184.1429830384143
How to Make Cheese Sticks,184,337.841319570681,153.84131957068098
Cabbage Success,158,151.60307155811807,6.396928441881926
Cheesy Kielbasa Pasta,697,616.3769697937555,80.6230302062445
Air Fryer Breaded Sea Scallops,282,250.77323015947803,31.226769840521968
Easy Fermented Pickled Veggies,7,164.05924100549643,157.05924100549643
Orange Glazed Sweet Potatoes,355,309.0456207190057,45.95437928099432
Mexican Frittata,202,175.35922034839194,26.640779651608057
Shrimp Gumbo with Okra,208,410.79016786082593,202.79016786082593
Western Omelet,320,253.1310518282572,66.8689481717428
Spinach Lasagna,289,453.635539424234,164.63553942423403
Polenta Taragna with Taleggio and Radicchio,665,345.43551421999854,319.56448578000146
Funky Frito Fruckies,408,307.57355036988463,100.42644963011537
Teriyaki Pulled Pork,423,348.8793531676596,74.12064683234041
Halloween Macarons,118,316.84270707474514,198.84270707474514
Summer Grilled Pork Chops,673,299.44175593819546,373.55824406180454
Creamy Spinach and Shrimp Risotto,722,591.0358686252043,130.96413137479567
Instant Pot Creamy Chicken Marsala Florentine,741,488.3076702841146,252.69232971588542
Spicy Jalapeño Coleslaw,101,149.33713246480988,48.33713246480988
Arroz Tapado (Rice-On-Top),510,566.4663926300739,56.46639263007387
Tofu Vegetable Pot Pie,246,454.3709055401822,208.3709055401822
Paleo Cassava Flour Tortillas,90,166.2071509466477,76.20715094664769
Corned Beef and Cabbage,482,409.76050631173143,72.23949368826857
The Talk of the Potluck Kale and Apple Salad,142,269.3714709658574,127.37147096585738
Slime Popcorn,153,311.3003792383007,158.3003792383007
Stuffed Peppers,248,378.0797075258525,130.07970752585248
Spinach Alfredo Sauce (Better than Olive Garden),599,461.9534208700982,137.04657912990177
Tammi&#39;s Crawfish Etoufee,363,393.5915029192984,30.59150291929842
Quick Cinnamon Rolls,234,350.50247215747106,116.50247215747106
Spruced Up Mashed Potatoes,222,156.87934086516213,65.12065913483787
Megan&#39;s Granola,306,394.2481065886998,88.24810658869978
Caramel Apple Walnut Pie,577,385.3283145970631,191.67168540293687
Mimi&#39;s Southern Sweet Potato Pie,308,421.95006664970435,113.95006664970435
Flan de Queso (Cream Cheese Flan),475,305.81302675548056,169.18697324451944
Healthier Oven-Roasted Potatoes,319,155.47400728182362,163.52599271817638
Fry Bread Tacos with Spicy Shredded Beef,705,555.2821715022199,149.71782849778015
Creamy Shrimp Scampi with Half-and-Half,1175,541.4227472046491,633.5772527953509
Balsamic Roasted Grapes,99,118.3645595202931,19.3645595202931
Tiramisu Ice Pops,195,336.46356530260914,141.46356530260914
Almost White Castle Hamburgers,155,289.2351230872424,134.2351230872424
Chocolate Cherry Cheesecake,420,622.568834170688,202.56883417068798
Instant Pot Creamy Mushroom Soup,254,255.03068149024716,1.0306814902471615
Zucchini Mint Salad,91,131.90363427812176,40.90363427812176
Irish Cheddar Spring Onion Biscuits,318,340.0808164440137,22.080816444013692
Chinese-Style Five Spice Rub,16,86.4564709719383,70.4564709719383
Grandma&#39;s Yorkshire Pudding,475,176.44133897175416,298.55866102824587
Chicken and Chorizo Chili,557,488.098311462408,68.90168853759201
Easy Red Eye Gravy,73,174.592424580955,101.592424580955
Bake Sale Lemon Bars,107,211.2644979021403,104.2644979021403
White Chocolate Pumpkin Spice Muffins,323,257.20430348228143,65.79569651771857
Pork Wonton Soup,513,368.1831712106397,144.81682878936027
Homemade Apple Crumble,212,248.04049713836486,36.040497138364856
Yummy Tater Tot Casserole,487,557.1766034018948,70.1766034018948
Brunch Enchiladas,511,507.59871706530004,3.401282934699964
Tostadas de Salpicon (Shredded Beef),353,545.0074466985134,192.00744669851338
Slow Cooker Chicken and Noodles,311,404.23378162469464,93.23378162469464
Pumpkin Banana Oat Muffins,427,378.7878124899427,48.21218751005728
The Real Reuben,874,478.2011783247772,395.7988216752228
Best Peach Cobbler Ever,263,339.5542410392993,76.55424103929931
Corn Dog Fries,802,470.59956633820553,331.40043366179447
California BLT Chopped Bagel,1285,518.9250875548677,766.0749124451323
Candied Nuts,304,196.90730236310702,107.09269763689298
Braised Lamb Shanks,481,365.28155573186234,115.71844426813766
Salmon with Brown Sugar and Bourbon Glaze,561,499.9051721927909,61.09482780720907
Italian Stuffed Pasta Tubes,569,651.5980698020069,82.59806980200688
Instant Pot Chicken Alfredo,1118,651.7440718196773,466.2559281803227
Spanish Garlic Shrimp (Gambas al Ajillo),227,285.96405518037886,58.964055180378864
Grilled Hanger Steak with a Roasted Shallot Port Demi Sauce and Grilled Garlic Green Beans,844,488.91455135005447,355.08544864994553
Crispy Ginger Beef,364,403.1808812359035,39.180881235903485
Basic Cheese Polenta,214,178.23543977744103,35.76456022255897
Sugar Cookies IV,127,97.60327550634025,29.396724493659747
Soft and Chewy Oatmeal Raisin Cookies,104,144.10204102207464,40.102041022074644
Easy Chocolate Mousse without Eggs,511,333.02458248275394,177.97541751724606
Beignets,543,295.11384301945884,247.88615698054116
Cracker Candy,598,288.9550442619408,309.0449557380592
Pumpkin Cheesecake II,407,497.1513944371722,90.1513944371722
Instant Pot Goulash,278,393.37844131545506,115.37844131545506
Gisela&#39;s Butternut Squash Soup,245,140.82355744932428,104.17644255067572
Spicy Quinoa and Spinach Pulao (Pilaf),354,235.03861381687284,118.96138618312716
Stuffed Pork Chops,414,457.6762439539893,43.676243953989285
Big Batch Freezer Old Fashioned,237,246.40815508671366,9.408155086713663
Italian Penicillin Soup,332,584.5903386394386,252.59033863943864
New Year&#39;s Eve Chicken Wings,308,515.3377194256711,207.33771942567114
Chili Relleno Casserole,262,391.1286133573959,129.12861335739592
Quick and Easy Hush Puppies,176,256.97738718427905,80.97738718427905
Easy Corn Chowder I,553,309.4478554583099,243.5521445416901
These 4-Ingredient Chicken Tenders Are Weeknight Dinner Gold,474,319.45335496524353,154.54664503475647
Quick Hawaiian Haystacks,512,508.41748140856566,3.5825185914343365
Cake Mix Fudge,234,263.0679671940799,29.067967194079927
French Peppermint Cookies with Chocolate Ganache,115,234.5103613902519,119.51036139025189
Grilled Tuna Teriyaki,227,320.3779049936639,93.37790499366389
Delicious Gluten-Free Pancakes,326,309.54280233392456,16.457197666075444
Pea and Pancetta Ramen &#34;Risotto&#34;,297,476.06273305556414,179.06273305556414
Easy Chili Cornbread Bake,528,391.921735575661,136.078264424339
Strawberry Rhubarb Crumble,388,547.5334612622921,159.53346126229212
Parmesan Fondue,116,254.44536552680145,138.44536552680145
Cherry Cobbler,322,284.22516240506616,37.77483759493384
Indian Omelette,340,259.59118784956365,80.40881215043635
Cheesy Tuna Melts,228,363.63798387360987,135.63798387360987
Shrimp Quiche,294,325.0974153800198,31.09741538001981
Refrigerator Dill Pickles,13,65.13548593843575,52.13548593843575
Green Apple and Coconut Chutney,79,242.2190093392395,163.2190093392395
Oat-Free and Gluten-Free Granola Bars (Clean Eating),352,208.1622487234622,143.8377512765378
Indian Shrimp Curry,416,265.411700225351,150.588299774649
Greek Honey Cake,423,355.1354034230985,67.86459657690148
Slow Cooker Homemade Beans,296,409.24810428430976,113.24810428430976
Perfect Chicken Brine,47,200.06868696068722,153.06868696068722
Chicken Cacciatore in a Slow Cooker,364,338.9913764371295,25.008623562870525
Fresh Raspberry Sauce,44,52.75561625798849,8.755616257988493
Santa Fe Stew,525,421.8651619468889,103.13483805311108
Heavenly Lamb Shanks,824,431.8858915796302,392.1141084203698
Mom&#39;s Sweet Potato Pie,257,340.58068376561516,83.58068376561516
Caramel Cake,1019,461.7387961129407,557.2612038870593
Pineapple-Peach Jam,56,73.3299379296896,17.329937929689606
St. Patrick&#39;s Colcannon,524,461.6793406463555,62.32065935364449
Instant Pot Chicken Pot Pie Stew,477,495.69291722531784,18.692917225317842
Roman-Style Gnocchi,335,475.87701869990394,140.87701869990394
Lemon Custard Filling,70,183.78381638519352,113.78381638519352
Three Egg Omelet,539,401.0267229818774,137.9732770181226
Raspberry-Mint-Chocolate S&#39;mores,175,171.12890658674996,3.871093413250037
Fruit Pizza Chopped Bagel,830,272.6280066603559,557.3719933396442
Diabetic-Friendly Apple Muffins,98,100.23602270751759,2.2360227075175914
Pesto Orzo with Roasted Zucchini,536,374.18500555093806,161.81499444906194
Slow Cooker Roasted Leg of Lamb,285,293.2714735666914,8.271473566691384
Chicken Pot Pie Casserole,427,489.37957822653107,62.379578226531066
Energy Balls,114,185.89188050613387,71.89188050613387
Yellow Squash and Corn Sauté,123,79.82246820439576,43.17753179560424
Big Batch Berry Sangria,377,334.0259335286137,42.97406647138632
Funfetti Donut Holes,107,407.4913112963204,300.4913112963204
Kale and Cabbage Soup,199,303.8140869341905,104.81408693419053
Easter Chick Deviled Eggs,99,160.41091646346717,61.410916463467174
Pierogies and Cabbage,404,280.4926632464052,123.50733675359481
Barbecued Spam Sandwiches,768,592.053465877951,175.946534122049
Sensational Slow Cooked Beef Brisket,624,559.4904447311435,64.5095552688565
Guinness Irish Stew,527,543.3969656099811,16.396965609981066
Chicken Jook with Lots of Vegetables,225,475.26269916968624,250.26269916968624
Mama H&#39;s Fooled You Fancy Slow Cooker Turkey Breast,417,212.23602271556854,204.76397728443146
Greek Island Chicken Shish Kebabs,290,325.1952597901791,35.19525979017908
Burrata Caprese Salad,202,311.23331295764035,109.23331295764035
Basic Egg Pasta,73,300.2220246850136,227.2220246850136
Grandma&#39;s Green Beans with Bacon Vinaigrette,118,130.2103490069792,12.210349006979186
Instant Pot Lebanese Lentil Soup (Shorbat Adas),456,356.7835057282918,99.2164942717082
Parmesan-Crusted Smashed Cauliflower,242,286.87863602755203,44.878636027552034
Butter Cookies with Buttercream Frosting,131,239.04936608854473,108.04936608854473
Grandma&#39;s Harvard Beets,185,202.93284739625153,17.932847396251532
Copycat Cracker Barrel Fried Apples,240,262.86004427841124,22.860044278411237
Easy Vegetable Galette,574,599.4640243352688,25.464024335268846
Potato and Zucchini Frittata,325,210.61492979920385,114.38507020079615
Green Goddess Salad,535,472.03559275598,62.96440724401998
Cabbage and Broccoli Slaw with Vinegar Dressing,149,150.83466647412683,1.8346664741268341
The Best Chocolate Souffle Torte,567,300.9688935838674,266.0311064161326
Chocolate Yule Log,526,519.8195271060097,6.180472893990327
Danish Chicken Liver Pate,168,313.65722464351165,145.65722464351165
Skeeter&#39;s Ceviche,181,146.81011375788265,34.18988624211735
Pakistani Ground Beef Curry,438,352.8861989371893,85.1138010628107
Feta and Sardine Flatbread,493,413.1361845914341,79.86381540856593
Tequila and Orange Cranberry Sauce,112,152.11840115578158,40.118401155781584
Slow Cooker Guinness Beef Stew,738,563.8167140923997,174.1832859076003
Spruced-Up Zatarain&#39;s Jambalaya,861,171.0818909794081,689.9181090205919
Sausage Hash Brown Breakfast Casserole,573,498.4269993723682,74.57300062763181
Homemade Marzipan,155,153.26603392999866,1.733966070001344
Carrot Gelatin Salad,133,151.81376739190185,18.813767391901848
Grilled Pineapple Chicken Sandwiches,437,569.3660552381612,132.36605523816115
Roasted Rutabaga and Squash Soup,348,270.933630805698,77.06636919430201
Mom&#39;s Apple Cranberry Pie,397,297.5009297613462,99.49907023865381
Persian Sabzi Polo (Herb Rice with Fava Beans),234,319.539989349289,85.53998934928899
Ruth&#39;s Roquefort Cheese Ball,207,132.8319539151685,74.1680460848315
Tiramisu I,423,307.9296674267314,115.07033257326862
Blue Cheese Ball,207,158.23937116536567,48.76062883463433
Blueberry Cream Slushy,245,241.04079967169025,3.9592003283097483
Moist Red Velvet Cupcakes,160,246.43626738593545,86.43626738593545
Slow Cooker Mexican Chicken Soup,344,446.67135594223186,102.67135594223186
Air Fryer Pasta Tacos,522,635.3135219935916,113.31352199359162
Sunday&#39;s Apple Pie,376,428.65518265543653,52.65518265543653
Pork Cabbage Cups,397,242.28649389659665,154.71350610340335
Connecticut Cheeseburger Dip,62,412.47215360224965,350.47215360224965
The Crustburger,929,677.500916399544,251.49908360045595
Indian Saag,182,133.02247328289602,48.977526717103984
Melon Salsa,20,75.0660712172862,55.06607121728619
Old Fashioned Chicken Pot Pie,702,515.5741186369323,186.42588136306767
Peach Pie the Old Fashioned Two Crust Way,428,385.803893192032,42.19610680796802
Sautéed Apples,143,224.1324813547012,81.13248135470121
Cabbage Boil,265,400.1585065250627,135.1585065250627
One-Pan Chicken Broccoli Cheddar Pasta Bake,654,549.4858855169632,104.51411448303679
Cranberry Pomegranate Sauce,150,308.6128602804301,158.61286028043008
Ambrosia Fruit Salad,274,281.415131227125,7.415131227125016
Maple-Cider Slaw with Air-Fried Apples and Potatoes,322,262.8468409196463,59.1531590803537
English Muffins,190,161.81844737926437,28.18155262073563
Atsara (Papaya Relish),112,238.08603376578054,126.08603376578054
Easy Lima Beans,84,159.8234306634608,75.82343066346081
Christmas Ornament Cheese Ball,92,193.57203072709513,101.57203072709513
Creamy One-Pan Lemon Garlic Chicken and Asparagus,419,568.65919055362,149.65919055361996
French Onion Soup with Homemade Beef Stock,865,699.4548759766074,165.54512402339265
Chef John&#39;s Beef Rouladen,641,466.82156927781904,174.17843072218096
Orange and Lime Margarita,80,210.81128140056146,130.81128140056146
Mom&#39;s Goulash,896,491.8658844759045,404.1341155240955
Cheesy Pesto Roll Wreath (Christmas Wreath Appetizer),294,286.93082483177983,7.06917516822017
"Sausage, Potato and Kale Soup",266,409.7756431827595,143.7756431827595
Cookies-and-Cream Truffles,119,273.03091467854307,154.03091467854307
Copycat Disneyland Grilled Cheese,1013,581.9370565831232,431.0629434168768
Blueberry Raspberry Pie,402,308.44049195644186,93.55950804355814
Strawberry-Balsamic Ricotta Bruschetta,189,281.4340633307321,92.4340633307321
Beef and Bean Dip,340,546.260984396017,206.26098439601697
Mae&#39;s Kimchi Stew,206,417.11175239439706,211.11175239439706
Copycat Panera Creamy Tomato Soup,221,377.14510593771337,156.14510593771337
"Cheesy Bacon, Ham, and Swiss Tater Tots Poutine",380,380.705537557301,0.7055375573009997
Apple Crisp-Browned Butter Bars,215,285.60990124374297,70.60990124374297
Crêpes Suzette,322,508.68256547358266,186.68256547358266
Turkey Spaghetti Zoodles,301,411.609949140998,110.60994914099803
Air Fryer Fried Mushrooms,144,239.59482483662592,95.59482483662592
Pecan Snowball Cookie Bites,97,163.73478362611283,66.73478362611283
Summertime Salsa Verde,15,109.06479177768364,94.06479177768364
ESER&#39;s Balsamic Salad Dressing,94,168.86598044372596,74.86598044372596
California Fresh Mex Tacos,456,381.87484767885616,74.12515232114384
Oat Applesauce Muffins,101,101.8861186256222,0.8861186256222027
Chocolate Banana Muffins,205,180.58763836951212,24.41236163048788
Irish Lamb Stew,672,518.0539418467213,153.94605815327873
Watermelon Rosé Sangria,185,235.30263836833132,50.302638368331316
Restaurant-Style French Onion Soup,792,585.151155064583,206.848844935417
Maple Bacon Monkey Bread,374,373.6404362768202,0.3595637231798037
Brownie Cheesecake Hearts,337,480.9342255433134,143.9342255433134
Grilled Caesar Chicken,400,536.7430877099628,136.74308770996277
Kosher-Style Corned Beef,357,433.152890390122,76.15289039012202
German Sweet Chocolate Cake,430,526.223039869643,96.223039869643
Turkey Sliders,316,504.37905841929745,188.37905841929745
Manhattan Clam Chowder,82,231.37499013409382,149.37499013409382
Sous Vide Mashed Potatoes,415,307.10567842680916,107.89432157319084
Air Fryer Tempura Vegetables,142,302.3599049376549,160.3599049376549
Homemade Tangy Barbecue Sauce,21,124.25577741477184,103.25577741477184
Creamy Pasta with Mushrooms and Peas,333,463.907599564238,130.907599564238
Sweet Washington Cherry Pie,472,370.32990729847995,101.67009270152005
Cajun Crab Cakes (No Breadcrumbs),530,535.7738742177946,5.773874217794628
Marinated Mushrooms for Antipasto,79,169.02212401911567,90.02212401911567
Creamy Cajun Deviled Eggs,122,166.11788176495537,44.11788176495537
Watermelon Summer Salad,157,203.22950245306515,46.22950245306515
Watermelon Lemonade,50,198.93487770160897,148.93487770160897
Peanut Butter Oatmeal Cookies,117,193.46332036869967,76.46332036869967
True Italian Porcini Mushroom Risotto,737,587.7493698240879,149.25063017591208
Whole Wheat Wraps,102,73.88647007471465,28.11352992528535
Spicy Shrimp Gumbo,310,383.9996472648476,73.99964726484762
Currant Scones,428,301.26306120581023,126.73693879418977
Matcha Green Tea Pancake,116,240.50713223157743,124.50713223157743
Salmon-Avocado Cucumber Sushi Boats,278,563.1352471827655,285.1352471827655
Creamy Beef Tips with Egg Noodles,684,530.8090265999593,153.19097340004066
Coleslaw With Grapes and Spinach,340,322.66688741831234,17.333112581687658
Creamy Polenta with Roasted Corn and Fresh Sage,378,295.2128641458802,82.78713585411981
Lime-Marinated Grilled Salmon,311,317.9748487606714,6.974848760671421
Saucy Stuffed Peppers,467,331.3255685258928,135.67443147410722
Easy Cherry Tomato Corn Salad,138,89.73556268329479,48.26443731670521
Quick Chicken Piccata,321,428.01892405378993,107.01892405378993
Baked French Fries II,145,233.9363783407149,88.9363783407149
Mediterranean Zucchini and Chickpea Salad,258,346.080497521274,88.08049752127403
Easy Doner-Style Gyros,544,520.8080866797019,23.191913320298113
Pickled Sausage,136,276.0652052047146,140.06520520471457
Classic Spritz Cookies,144,141.0560875866774,2.9439124133226073
Peach Blueberry Jam,40,158.7989012653317,118.7989012653317
Banana Layer Cake,576,455.1161057679776,120.88389423202239
Slow Cooker Chicken Enchilada Casserole,501,604.1793250170397,103.17932501703967
English Walnut Date Cake,633,338.4974578459095,294.5025421540905
Orange Pound Cake,628,419.3045497778793,208.6954502221207
Polvorones from Puerto Rico,114,260.3657123795806,146.3657123795806
Howard&#39;s Hot Apples,204,293.538860133589,89.53886013358903
Stuffed Green Pepper Soup,515,374.57902055551153,140.42097944448847
Ginger-Peach Smash,200,236.56681244784718,36.566812447847184
Dubai Chocolate Cheesecake,913,643.0895565945392,269.9104434054608
Breaded and Fried Scallops,487,309.11205489045244,177.88794510954756
Fruity Mojitos,334,213.62810526350572,120.37189473649428
Strawberry Balsamic Jam,92,146.6003554934828,54.600355493482795
Steamed Broccoli and Carrots with Lemon,35,73.89705138041059,38.89705138041059
Zucchini Noodles with Bolognese Sauce,251,380.07818552514067,129.07818552514067
"Cedar Plank-Grilled Salmon with Garlic, Lemon and Dill",366,464.53351213245503,98.53351213245503
Country Oatmeal Cookie in a Jar,314,208.38303045270936,105.61696954729064
Southwestern Style Fifteen Bean Soup,374,210.02593985551798,163.97406014448202
Frijoles Borrachos (Drunken Baked Beans),187,436.8889617458048,249.8889617458048
Easy Cranberry Orange Muffins,429,173.9317185785739,255.0682814214261
Kim&#39;s Prime Rib,614,488.0733002696004,125.9266997303996
Sous Vide Whole Turkey,518,495.71018520071925,22.289814799280748
Ham and Cheese Omelette,531,403.77634366141626,127.22365633858374
Restaurant-Style Hashbrown Casserole,550,440.37344135417084,109.62655864582916
Salted Caramel Pecan Pie Bars,211,464.1015131363272,253.10151313632718
Simple Smoked Salsa,8,76.98448721822656,68.98448721822656
Chef John&#39;s Carrot Cake,728,467.0037960251285,260.9962039748715
Chicken Primavera Alfredo,974,785.1038565283561,188.89614347164388
Pisto Manchego,176,266.2670579037206,90.26705790372063
Dak Galbi (Korean Spicy Chicken Stir-Fry),386,575.2034365824023,189.20343658240233
Instant Pot Chicken Tagine with Butternut Squash and Spinach,296,424.85867125532536,128.85867125532536
Easy Cajun Jambalaya,488,368.2803518463113,119.7196481536887
Dark Chocolate Buttermilk Pecan Pie,353,502.7589786085226,149.75897860852263
Teriyaki Baked Pork Chops,403,418.29592406798696,15.29592406798696
Fluffy Pancakes,230,211.97120179596953,18.028798204030466
Stir Fried Wok Vegetables,79,371.70495414761876,292.70495414761876
Instant Pot Haluski with Kielbasa,401,428.37579808031074,27.375798080310744
Easy Pumpkin Muffins,200,78.95419113898095,121.04580886101905
Buffalo Chicken Skillet,509,490.78740397896536,18.212596021034642
4-Ingredient Buffalo Chicken Dip,156,190.01421417566235,34.014214175662346
Sloppy Juan,1077,628.4089919474918,448.5910080525082
Shrimp Alfredo Broccoli Bake,577,493.23494587970106,83.76505412029894
Spicy Tex-Mex Salad,542,361.50312153970356,180.49687846029644
Instant Pot Beef Stroganoff,562,490.03519569675535,71.96480430324465
Grandma&#39;s Chicken Noodle Soup,147,372.02848739703825,225.02848739703825
Teriyaki Chicken with Mushrooms and Broccoli,206,374.1843275178319,168.1843275178319
Chocolate Chip and Cranberry Scones,227,235.36948003230748,8.369480032307479
Slow Cooker Thai Peanut Pork,209,313.3208297082848,104.3208297082848
Downeast Maine Pumpkin Bread,263,242.59506174937013,20.40493825062987
Air Fryer Lemon Pepper Shrimp,215,266.19352734490883,51.19352734490883
Easy Leftover Potato Pancakes,254,325.81097762313334,71.81097762313334
Mom&#39;s Campfire Stew,253,387.26266908636796,134.26266908636796
Cinnamon Apple and Banana &#34;Granolameal&#34;,366,280.2684283641631,85.73157163583687
Instant Pot Asian-Style Shrimp Scampi,374,399.7057262677358,25.705726267735827
Pennsylvania Coal Region Barbecue,214,376.6432062291791,162.6432062291791
Air Fryer Tofu,122,191.08880701277187,69.08880701277187
Apple Jack Pulled Pork Buns,530,576.6783655881538,46.67836558815384
Spinach Dip,62,98.56556859554723,36.565568595547234
Toasted Angel Food Cake with Strawberries,502,529.445753043254,27.445753043253944
Marylyn&#39;s Cheese Blintzes,321,379.32399636577816,58.32399636577816
Vegetarian Ramen,367,405.18798954286723,38.18798954286723
"Farro, Sausage, and Spinach Dinner",365,463.475306198843,98.47530619884299
Deep South Eggnog Cake,538,558.7783011863296,20.7783011863296
Rhubarb Cheesecake,388,430.9441608025622,42.94416080256218
Coconut Streusel Cherry Pie,545,440.52479732483187,104.47520267516813
Pumpkin Biscotti,135,128.10557340709508,6.894426592904921
Butternut and Acorn Squash Soup,266,246.44216869851812,19.557831301481883
Slow Cooker Turkey Sausage Meatballs,331,508.8853353840371,177.8853353840371
Sweet Banana Almond Oatmeal,385,161.9591938275575,223.0408061724425
Tailgating Spicy Taco Cheese Ball,286,231.9775388425225,54.022461157477494
Crunchy Sugar-Free Granola,332,162.18998751754523,169.81001248245477
Fireball Pumpkin Pie,334,300.8223456669913,33.17765433300872
Classic Macaroni Salad,390,284.9883491226493,105.01165087735069
Mini Cherry Pies,752,284.89060963819884,467.10939036180116
Beef Gyro,497,570.6438559672945,73.64385596729448
Kalua Pig in a Slow Cooker,243,230.29106907067995,12.708930929320047
Slow Cooker Parmesan Chicken Thighs and Potatoes,402,509.1980164307198,107.1980164307198
Italian Frittata,211,232.34806844069942,21.34806844069942
Thick-Cut Bacon in the Oven,99,185.83540584890295,86.83540584890295
Squash and Apple Casserole,265,301.406351528742,36.40635152874199
Chef John&#39;s Green Goddess Dressing,124,312.6250152244153,188.62501522441528
Million Dollar Sheet Pan Lasagna,920,634.7589541378989,285.24104586210115
Picnic Potato Salad with No Mayonnaise,272,343.32658693749283,71.32658693749283
Keto Shrimp Scampi with Broccoli Noodles,267,316.7155523145729,49.7155523145729
Peanut Butter Jalapeno Poppers,65,393.28696610346725,328.28696610346725
My Favorite Sloppy Joes,398,272.7626694194885,125.23733058051153
Lemon Ricotta Pancakes,605,370.3961272297642,234.6038727702358
Best Ever Chocolate-Free Blondies,420,280.7797923157889,139.22020768421112
Mediterranean Barley Salad,220,232.3853133733955,12.38531337339549
Beefy Cabbage Stew,283,403.7718747666759,120.77187476667592
Strawberry Raspberry Smoothie,318,222.7075937066708,95.29240629332921
Baked Cranberry Oatmeal,252,150.18852671004277,101.81147328995723
Pea and Avocado Salad,240,317.39752227218946,77.39752227218946
Vegan Tofu &#34;Eggs&#34;,175,132.4826431490278,42.51735685097219
Chef John&#39;s Fresh Berry Fool,646,346.71336023321066,299.28663976678934
Chicken Curry Puffs,424,481.8022525094277,57.80225250942772
"Sweet, Salty, Spicy Party Nuts",219,348.84232657701705,129.84232657701705
Mini Cheesecakes,95,348.71066825412447,253.71066825412447
Balsamic Roasted Carrots,109,135.37818875164095,26.37818875164095
Pineapple-Apricot Mimosas,166,201.20909984341648,35.20909984341648
Thanksgiving Leftovers Monkey Bread,448,473.3790713574169,25.379071357416876
Instant Pot® Chicken and Gravy,418,301.63978777262497,116.36021222737503
Skillet Gnocchi with Chard and White Beans,259,393.086286172843,134.08628617284302
Leftover Prime Rib with Mushrooms and Mashed Potatoes,283,368.4644930696296,85.46449306962961
Sweet Challah,328,277.7693756230967,50.23062437690328
Chef John&#39;s Creamy Corn Custard,331,368.1434668845281,37.143466884528095
Ooey Gooey Carrot Butter Cake,226,492.37114290140875,266.37114290140875
Bean and Sausage Soup,383,328.8876195909388,54.11238040906119
Strawberry Oreo Cheesecake,524,456.5596557966697,67.44034420333031
Swedish Waffle Cookies,335,298.6269948382168,36.373005161783226
Grill Master Chicken Wings,181,430.3948619212855,249.3948619212855
Wholesome Buckwheat Crepes,283,191.91595625002225,91.08404374997775
Cake Mix Gingerbread Men,454,371.1547292076872,82.84527079231282
Baked Beans with Beef,500,433.01621617938923,66.98378382061077
Frito Cowboy Coleslaw,426,473.47423785981965,47.47423785981965
Pumpkin Mashed Potatoes,231,213.88512816152172,17.11487183847828
Hot Corn,461,353.2310573675777,107.7689426324223
Grandma B&#39;s Bean Soup,324,230.98564010156053,93.01435989843947
Vegetarian Burrito Casserole,487,665.1701372210957,178.17013722109573
Corn Relish,17,102.16893514582324,85.16893514582324
Copycat Texas Roadhouse Green Beans,109,267.16491473017976,158.16491473017976
Lemon Pasta Sauce,412,461.86222092959986,49.86222092959986
Toll House Famous Fudge,74,248.86714682907066,174.86714682907066
Walnut Pie Crust,148,303.5116495266582,155.51164952665818
Gazpacho IV,52,206.8905034197452,154.8905034197452
Simply Lasagna,344,478.7054385753362,134.7054385753362
Olive Puffs,230,300.99951030738924,70.99951030738924
Vegan Queso Nachos,369,374.99014050702795,5.990140507027945
Oatmeal Peanut Butter Bars,148,319.274026841515,171.27402684151502
Chicken with a Creamy Marsala Sauce,825,472.3923710791807,352.6076289208193
Ooey Gooey Fluffernutter Rolls,280,295.37053157844343,15.370531578443433
Turkey with Dumplings Soup,303,526.2336884689341,223.23368846893413
Sous Vide Scallops with Garlic and Lemon Butter,305,242.81031770611295,62.189682293887046
Seafood Risotto,330,495.24512486296277,165.24512486296277
Hibachi-Style Fried Rice,226,477.65560785760624,251.65560785760624
Austrian Jam Cookies,88,202.9033271892549,114.9033271892549
Nigiri Sushi,555,416.5242799938782,138.47572000612178
Arroz con Leche (Mexican Rice Pudding),443,332.7782475358564,110.2217524641436
How to Make Vanilla Ice Cream,425,367.4727672504272,57.52723274957282
Best Apple Crumble,660,373.7365921593471,286.2634078406529
Tex-Mex Pasta Salad,597,488.0751751191606,108.92482488083942
Maple Toffee Shortbread Cookies,134,174.6246540852128,40.624654085212796
Valerio&#39;s Pulled Pork Sandwich,874,743.7704146635607,130.2295853364393
Chocolate Pumpkin Pecan Pie,365,491.3204290909389,126.32042909093889
The Original Donair From the East Coast of Canada,450,409.70328563909544,40.29671436090456
Valentine&#39;s Day Cookies,170,182.0190375030316,12.019037503031598
Zucchini Smoothie,118,169.8744958907289,51.874495890728895
Mashed Potatoes with Caramelized Onions,296,453.4835963053761,157.48359630537612
Slow Cooker Mediterranean Beef with Artichokes,416,330.0294549889027,85.97054501109727
Simply Guacamole,82,164.2217750333208,82.2217750333208
Heart-Shaped Pizza,460,429.13807292318893,30.86192707681107
Win&#39;s Shrimp and Spaghetti,606,524.1955688896785,81.8044311103215
Sweet and Spicy Quick Pickled Carrots,12,210.72464822525308,198.72464822525308
Mom&#39;s Christmas Sugar Cut-Out Cookies,234,227.78798789488297,6.212012105117026
Stovetop Chocolate Coconut Macaroons,123,269.6435778747841,146.6435778747841
Baked Polenta with Sausage,546,473.5175266777887,72.48247332221132
Spaghetti Alla Nerano (Zucchini Pasta),708,611.3145971487686,96.6854028512314
Glenn&#39;s Marinated Pork Shoulder,497,365.12822843887557,131.87177156112443
Peach-Blueberry Streusel Tart,271,324.85373493354723,53.85373493354723
Sloppy Joe Sliders,903,546.6470853448997,356.35291465510034
Fruit Punch,43,164.2262403970711,121.22624039707111
Fresh Strawberry Tart,320,258.533498810968,61.46650118903199
Artichoke Spinach Dip,80,211.146002053397,131.146002053397
Chef John&#39;s Pumpkin Spice Snickerdoodles,144,229.317785197668,85.317785197668
Chef John&#39;s Perfect Mashed Potatoes,333,270.2090340475987,62.79096595240128
Marinated Feta,348,331.5645384877348,16.435461512265192
Crunchy Cauliflower and Tomato Salad,158,139.52690432504852,18.47309567495148
Crumb-Topped Strawberry Rhubarb Pie,506,339.23718498516166,166.76281501483834
Sloppy Joe with Ground Turkey,435,494.02420247551555,59.02420247551555
Cranberry Sauce with Apples,112,165.9839526533542,53.98395265335421
Chef John&#39;s Apple Butter,82,247.36351206653683,165.36351206653683
Mexican Sugar Cookies,755,162.4811358322916,592.5188641677084
Bananas Foster Monkey Bread,427,389.8211834300957,37.17881656990431
Pickle Margarita,300,265.2144866908778,34.78551330912222
Spicy Kimchi Chicken Rotini,325,356.6409103608955,31.640910360895475
Turkey Bacon Ranch Tortilla Pinwheels,326,463.6813792460285,137.68137924602848
Spicy Jalapeno-Infused Margarita,373,234.83424852532855,138.16575147467145
Avocado-Spinach Dip,56,98.21219813851181,42.21219813851181
Potato Salad with Chives,318,352.2339557778629,34.23395577786289
Mouth-Watering Stuffed Mushrooms,90,92.70158496036925,2.701584960369246
Easy Tuna Casserole,462,484.34964006452014,22.349640064520145
Chris&#39;s Hawaiian Fluff Salad,444,356.0161436067292,87.9838563932708
Raw Hummus,67,98.47014332272803,31.470143322728035
Quick Pasta Carbonara,407,435.70120835940304,28.70120835940304
Air Fryer Steak for Fajitas,193,215.76196897404668,22.76196897404668
Mexican Whole Wheat Flour Tortillas,179,264.86647155068783,85.86647155068783
Beef Tenderloin Fondue,497,306.15455771375804,190.84544228624196
Fruit Salad with Vanilla Yogurt,126,273.17787639379634,147.17787639379634
Crisp Bread and Butter Pickles,82,258.86640272269227,176.86640272269227
"Turkey, Quinoa, and Zucchini Mini Meatloaves",239,328.2429373488791,89.24293734887908
Unbelievable Spinach Calzones,584,345.1137427117912,238.8862572882088
Cherry Almond Oatmeal,266,189.85120926905176,76.14879073094824
Slow Cooker Roast Beef in its own Gravy,332,416.35373730598315,84.35373730598315
Grilled Cauliflower Steaks,240,263.3080285281369,23.3080285281369
Lime Glazed Leg of Lamb,291,449.84026726649955,158.84026726649955
Baked Omelet Roll,206,302.0647104364242,96.0647104364242
Avocado Greek Omelet,392,379.3817773110863,12.618222688913704
Fabulous Chicken Cordon Bleu Casserole,572,615.0431439125405,43.04314391254047
Vegetarian Slow Cooker Meal,398,335.933318762881,62.066681237118985
Vegan Stout Stew,351,391.4145985840096,40.41459858400958
Giblet Gravy,69,371.4031508652391,302.4031508652391
Instant Pot Brown Rice,106,251.89785452163775,145.89785452163775
Pickled Pepper and Onion Relish,17,81.3097617023368,64.3097617023368
Smoked Pork Chops with Sauerkraut,177,391.9976661032883,214.99766610328828
Milopita (Greek Apple Upside-Down Cake),950,503.05718671772047,446.94281328227953
Christmas Cheese Ball,149,267.6640075112976,118.6640075112976
Red Hot Applesauce Jell-O,78,109.84963016124777,31.849630161247774
Two-Ingredient Pizza Dough,116,211.47406570972635,95.47406570972635
Guacamole,262,120.21613895597505,141.78386104402495
Saucy Shepherd&#39;s Pie,802,433.0261778336661,368.9738221663339
Eggs in Purgatory,245,292.7614031478123,47.7614031478123
Tiramisu Cheesecake,528,533.8808824865208,5.880882486520818
Cream Scones,436,347.4534627409611,88.54653725903893
Easy Lemon Lover&#39;s Bundt Cake,365,389.12281639912317,24.122816399123167
Ham and Cheese Pretzel Panini,755,310.31108236930805,444.68891763069195
Dark Chocolate Mint Truffles,120,221.43428641989965,101.43428641989965
Fudge Truffle Cheesecake,552,355.2966965656432,196.70330343435683
Easy Pizza Fondue,428,477.00043512608664,49.00043512608664
Healthy Baked Steel Cut Oatmeal,229,267.68170873134767,38.68170873134767
Apple Pie Cheese Ball,232,271.109628616068,39.109628616067994
Choux Pastry,78,347.2775864246505,269.2775864246505
Smoked Salmon Breakfast Casserole,437,577.4312608904081,140.4312608904081
Baked Apple Fritters,234,321.15787885368,87.15787885368002
Goat Cheese Omelet,468,378.98783603941945,89.01216396058055
Original Cheese Tempters,125,317.6278494771842,192.6278494771842
Chef John&#39;s Perfect Hard Boiled Eggs,72,148.77707718965823,76.77707718965823
Chef John’s Stuffed Peppers,377,632.1298144310751,255.12981443107515
Christmas Red Pickles,85,156.49643487208434,71.49643487208434
Iced Pumpkin Scones,383,313.36022903423384,69.63977096576616
Caribbean Fruity Salsa,47,90.61032468000717,43.61032468000717
Jill&#39;s Sloppy Joes,297,303.8612756473497,6.861275647349714
Perfect Pressure Cooker Pot Roast,443,442.0172862558769,0.9827137441230889
Pecan Pie Brownies,362,428.1574751971433,66.1574751971433
Stabilized Whipped Cream,55,235.6916781428058,180.6916781428058
Best Air Fryer Pork Tenderloin,313,280.3438071864178,32.65619281358221
Ham and Cheese Omelet Casserole,407,441.4327622303872,34.4327622303872
Focaccia Bread,171,280.3904581004972,109.3904581004972
Pimento Cheese Deviled Eggs,83,271.568229379204,188.568229379204
Easy Meatloaf,372,410.26121220902513,38.26121220902513
Oven-Ready Lasagna with Meat Sauce and Béchamel,496,399.69539902394547,96.30460097605453
"Pulled Pork, Y&#39;all",418,344.1174007593482,73.88259924065181
Meaty Baked Ziti,593,663.6727943840576,70.67279438405762
Pressure Cooker Potato Salad,341,263.4562492529946,77.54375074700539
Kristen&#39;s Bacon Ranch Potato Salad,484,359.15774578665,124.84225421334997
Rainbow Piñata Cake,913,627.1513066353853,285.84869336461475
Roasted Vegetable and Kale Soup,564,438.9716381509804,125.02836184901957
Peppermint White Russian,340,272.3795365103989,67.6204634896011
Swedish Chocolate Balls (Chokladbollar),131,216.6159653375276,85.6159653375276
Ube Cheesecake,479,497.2914167534208,18.291416753420776
Vegetable Chowder,341,321.91941075928713,19.080589240712868
Quesadillas de los Bajos,706,599.575721997167,106.42427800283303
Cream-Filled Cupcakes,196,342.4409921533949,146.44099215339492
Louisiana Shrimp and Eggs Gumbo,490,415.86191164489827,74.13808835510173
Strawberry Pound Cake,666,372.93679766071705,293.06320233928295
Sourdough Rosemary Crackers,15,221.0074478283272,206.0074478283272
Hawaiian Pineapple Upside-Down Cake,503,507.062926039214,4.062926039214005
Big Batch Freezer Negroni,189,219.88558930711332,30.88558930711332
Teriyaki Steak Quesadillas,633,686.7444169391953,53.744416939195276
Hard Lemonade,291,216.2042978496826,74.7957021503174
Light and Fluffy Chocolate Chip Cookies,238,242.29623446945658,4.296234469456579
7-Layer Dip,45,320.37800296301646,275.37800296301646
Almond Cookies (Dim Sum Variety),173,164.88361166347775,8.116388336522249
Lobster Bisque from Scratch,633,496.04042938983486,136.95957061016514
Turkey Breakfast Sausage,176,271.5889904613564,95.58899046135639
Chicken Liver Pate,216,255.94525812967333,39.945258129673334
Indian Eggplant — Bhurtha,120,67.92756058657245,52.072439413427546
Thai-Style Pork Noodle Bowl,595,524.0037043062978,70.99629569370222
Savory Turkey Gravy,8,146.91711608822177,138.91711608822177
Black Raspberry Cobbler,310,263.1999363266912,46.800063673308784
Fry Bread Tacos,808,599.6481939455841,208.35180605441587
Cabbage Tamales,341,332.8990134894374,8.10098651056262
Sam&#39;s Kicking Cranberry Sauce,170,194.867277327461,24.86727732746101
Microwave Quesadilla,339,487.55368206759135,148.55368206759135
Blueberry Lemon Walnut Bread,283,362.48395107503785,79.48395107503785
Creamy Jalapeno Deviled Eggs,138,234.57178931147317,96.57178931147317
Red Hot Liqueur,193,107.71124021141591,85.28875978858409
Nutella Cheesecake,627,403.1164288186503,223.88357118134968
Irish Shortbread (Wheat Free Edition),204,213.70538682335473,9.70538682335473
Easy Air Fryer Chicken Taquitos,125,452.7482627025259,327.7482627025259
Veggie Chili Cornbread Casserole,393,471.46690575968734,78.46690575968734
Overnight Coconut Pecan Steel Cut Oats,347,277.51998945839273,69.48001054160727
Sausage and Peppers over Creamy Parmesan Polenta,976,575.7260224986209,400.27397750137914
Green Squash Soup,240,151.98745426995535,88.01254573004465
Black Bean and Corn Quesadillas,363,463.2907887369782,100.29078873697819
Cranberry Ice Cream Swirl Cake,399,447.6656581533707,48.665658153370714
Sweet Wheat Bread,102,189.1609450349883,87.16094503498829
Carne Asada al Chipotle,115,309.45648338152745,194.45648338152745
Grandma&#39;s Hamburger Hot Dish,483,562.2613707175191,79.26137071751907
Red Salmon Pâté,191,301.85850277248636,110.85850277248636
Pumpkin Peanut Butter Smoothie,149,386.8291599571318,237.82915995713182
Omi&#39;s Borscht,248,246.9155916975701,1.0844083024298925
Simple Whole Wheat Bread,134,218.1818601728407,84.18186017284069
Refreshing Watermelon Margarita,403,104.85092383020029,298.14907616979974
Best Tuna Noodle Casserole from Scratch,655,577.1781375462729,77.82186245372714
Baked Chicken Chimichangas,667,615.3274749553982,51.6725250446018
The Cheesecake Factory® Avocado Egg Rolls,275,365.8249591939426,90.82495919394262
Slow Cooker Latin Chicken,591,413.03403084556356,177.96596915443644
Pistachio Thumbprint (Kinda Sorta) Cookies,204,182.1774730376526,21.82252696234741
Jelly Jar Pineapple Marinade,25,144.87788441429842,119.87788441429842
Light Fruit and Nut Granola,379,196.2110433633312,182.7889566366688
Remade Pickles,130,150.48937518782228,20.489375187822276
Soft Dinner Rolls,47,126.4414961907344,79.4414961907344
Blondies II,454,345.8716554419227,108.12834455807729
Super Cheesy Baked Ziti,457,398.9176292267984,58.0823707732016
Spicy Pickled Okra,46,110.92276396112634,64.92276396112634
Grandma Tolli&#39;s Candied Yams,393,309.19492033362235,83.80507966637765
Ricotta Cookies,69,265.58018009269006,196.58018009269006
Chef John&#39;s Mayo Method Steak Sauce,104,275.33045282466577,171.33045282466577
Carrie&#39;s Artichoke and Sun-Dried Tomato Pasta,612,464.0840496927359,147.9159503072641
French Baguettes,113,145.56533719736206,32.565337197362055
Dessert Crepes with Homemade Chocolate Sauce,307,331.97732622003576,24.977326220035764
Eggless French Toast,112,314.9415467886095,202.94154678860951
The Captain&#39;s Famous Jambalaya,302,283.24351692390377,18.75648307609623
Grandma&#39;s Doughnuts,366,265.22729645119534,100.77270354880466
Instant Pot Brisket Barbacoa with Poblano Peppers and Onions,187,496.9527405772281,309.9527405772281
&#34;Skinny&#34; Chicken Tacos,272,310.2786054749841,38.27860547498409
Never Kiss a Yammy,510,201.58065522811503,308.419344771885
Cool Cucumber Salsa,151,32.99980734829451,118.00019265170549
Grinch Cookies with M&amp;M&#39;s,166,185.88193490999947,19.881934909999472
Pressure Cooker Soup: From Moscow with Cabbage,241,200.0324570249181,40.9675429750819
Baked Ziti Plus,783,553.5453799121967,229.45462008780328
Baked Mexican Chips on a Stick,59,75.80591070383062,16.80591070383062
Slow Cooker Turkey and Vegetable Soup,302,393.0213692217939,91.02136922179392
Instant Pot Wheat Berries,126,76.90309834143373,49.09690165856627
Pickled Jalapeños and Carrots,30,110.71081509009163,80.71081509009163
Arroz con Leche,325,365.7221769904468,40.722176990446826
Halloween Cheese Ball,238,262.35507585370874,24.35507585370874
Blackberry Cobbler,422,362.64500024712356,59.35499975287644
Chicken Chilaquiles Casserole,474,455.99570919211396,18.004290807886036
Lamb Loaf,409,374.33937234748475,34.660627652515245
5-Ingredient Creamy Chicken Enchilada Casserole,414,526.7179385756967,112.71793857569673
Olive Oil-Poached Tuna,608,308.02638679320137,299.97361320679863
Stovetop Candied Sweet Potatoes,215,247.257324075133,32.257324075133
Instant Pot Filipino Chicken Adobo,352,325.12156310578973,26.878436894210267
Super Simple Sweet Potato Dog Treats,43,95.1809788989812,52.180978898981195
BBQ Bison Back Ribs,479,518.5116775781376,39.51167757813755
Mini Ham Loaves,549,364.08818575900904,184.91181424099096
Ghirardelli One-Bowl Flourless Brownies,304,337.6222088450854,33.622208845085424
Quick and Almost-Professional Buttercream Icing,228,212.88996444776961,15.110035552230386
Onion Poppy Seed Ring,169,278.0599045398421,109.05990453984208
Sauerkraut for Canning,39,115.69641930929058,76.69641930929058
Creamy Coconut Milk Rice Pudding,487,431.87723694430605,55.12276305569395
Mediterranean Orzo Salad,418,400.38473611682724,17.61526388317276
Instant Pot Carnitas with Mango Salsa,199,484.78858090972574,285.78858090972574
Lobster Thermidor,653,528.5445103799882,124.4554896200118
Awesome Irish Nachos,349,569.5467922417185,220.54679224171855
Easter Carrot Cheese Log,208,233.35004465860263,25.350044658602627
Air Fryer Panko-Crusted Pork Chops,278,458.9703859894901,180.97038598949013
Maple-Roasted Carrots with Carrot-Top Pesto,194,339.27590568286155,145.27590568286155
Super Easy Samosa Pie,322,315.5651855825957,6.434814417404311
King Ranch Chicken Sheet Pan Tacos,788,482.0619698815849,305.9380301184151
Pineapple and Banana Smoothie,313,254.99416331776223,58.00583668223777
Gluten-Free Butter Crepes with Orange Blossom Honey Butter,677,273.87187213104966,403.12812786895034
Spring Lamb Pan-Fried Dumplings,346,382.29289620650366,36.292896206503656
Air Fryer Kidney Bean &#34;Popcorn&#34;,178,104.7534233912633,73.2465766087367
Pineapple Lemonade,119,213.4435994598574,94.44359945985741
Easy Stovetop Peach Cobbler,298,245.6278975142548,52.37210248574519
Caramel Apple Cinnamon Rolls,278,380.5376666582952,102.53766665829522
Pecan Pie Tarts,209,426.48007744140693,217.48007744140693
Instant Pot Apple Mango Chutney,150,203.1653679379316,53.16536793793159
Chef John&#39;s Salmon Loaf,362,367.1200672412607,5.120067241260699
Pulled Pork Chili Verde,357,542.1490396596312,185.14903965963117
American Potato Salad,329,328.7795805095486,0.220419490451377
Boursin Mashed Potatoes,400,402.46003946590963,2.460039465909631
Oatmeal Chocolate Chip Cookies I,145,181.0058659099122,36.00586590991219
Paleo Granola,242,306.64621170862927,64.64621170862927
Maple Walnut Biscotti,239,263.96019350166114,24.960193501661138
Chicken Cordon Bleu,419,386.58482207419314,32.41517792580686
No-Fail Pie Crust,126,284.3469487709053,158.34694877090533
Easy and Delicious Homemade Ricotta Cheese,158,218.79599530570977,60.795995305709766
Buffalo Chicken Lasagna,657,535.3170589829026,121.68294101709739
Mashed Potato-Topped Turkey Pot Pie,562,525.0035203150027,36.996479684997325
Instant Pot Cream Cheese Grits,264,190.90408816764935,73.09591183235065
The Hot Brown,1280,751.0016015383076,528.9983984616924
Basic Sugar Cookies - Tried and True Since 1960,81,135.61742361691756,54.61742361691756
Fried Plantains With Avocado Dip,830,272.62173030502163,557.3782696949784
Old-Fashioned Onion Rings,641,287.6386353679703,353.3613646320297
Pasta with Arugula Pesto,377,371.0996483488809,5.900351651119081
Caramel Pecan Pie,536,454.5897204650096,81.41027953499042
5-Ingredient Peach Tart,253,394.51765184675685,141.51765184675685
Roasted Pumpkin Seeds,83,188.8693995747435,105.86939957474351
Scrambled Egg Omelet,401,307.5203102547008,93.4796897452992
Cream Cheese Fruit Salad,486,366.006904821441,119.99309517855897
Roasted Tomato Salsa II,3,91.1180279365525,88.1180279365525
Honey Nutty Granola,404,391.50334519754523,12.49665480245477
Baked Chicken and Sausage Gumbo,758,609.4355166715432,148.56448332845684
Cadbury Creme Egg Cookies,442,366.0957740061317,75.9042259938683
Eggs on the Grill,143,176.53968395887625,33.53968395887625
Tempeh BLT (TLT),567,474.0665758806496,92.93342411935038
Crab Stuffed Mushrooms I,124,215.83920014476195,91.83920014476195
Dilly Potato Salad,170,255.41796080842454,85.41796080842454
Chef John&#39;s Lemon Bars,153,217.87068604789886,64.87068604789886
Cranberry Curd,56,226.40637772052895,170.40637772052895
Halal Cart Chicken and Rice,410,429.3421157119951,19.34211571199512
Fresh No-Bake Fruit Pie,232,417.0771113456193,185.0771113456193
Pepperoni-Provolone Bread,418,424.937758951249,6.937758951249009
Penne with Shrimp,385,453.6052183031386,68.6052183031386
Easy Carrot Cake Bars,412,336.61174213604914,75.38825786395086
Caprese Pasta with Thai Basil,842,448.7349711375135,393.2650288624865
Apple Bavarian Torte,285,386.41601143627236,101.41601143627236
Pancetta and Romano Potato Croquettes,448,513.7879153375604,65.78791533756043
Sweet Bacon Crackers,111,203.1669473337409,92.1669473337409
Coconut Ginger Rice,199,334.2365888370327,135.23658883703268
Buttermilk Cornbread,342,271.270883509913,70.729116490087
Butternut Squash Soup with Persimmon,167,213.3154915078458,46.31549150784579
Cinnamon-Raisin Yogurt Biscuits,213,251.4116146397332,38.41161463973319
Libby&#39;s Famous Pumpkin Pie,283,305.9610765213265,22.961076521326504
Egg Salad Sandwiches,701,370.72869942093473,330.27130057906527
Mini Strawberry Hand Pies,200,291.0772965185322,91.0772965185322
Heart-Shaped Chocolate Éclairs,823,525.5993414069708,297.4006585930292
Aussie Omelet,292,399.8517189133284,107.8517189133284
Basic Quiche by Shelly,401,381.63616881396024,19.36383118603976
Too Much Chocolate Cake,515,417.27537150390117,97.72462849609883
Top Shelf Sparkling Margarita Jell-O,145,306.54001063729555,161.54001063729555
Incredibly Easy Chicken and Noodles,504,376.04559343322967,127.95440656677033
"Chicken, Spinach, and Cheese Pasta Bake",544,476.0276890242472,67.9723109757528
Pecan Sour Cream Coffee Cake,634,427.3899516541435,206.6100483458565
Million Dollar Spaghetti,618,648.6971717283109,30.697171728310877
Shish Tawook Grilled Chicken,299,422.06831140740996,123.06831140740996
Lasagna Alfredo Roll Ups,485,531.5295667883054,46.529566788305374
Boniet,148,230.82382465819478,82.82382465819478
Oven-Roasted Corn and Black Bean Salsa,101,145.19952477637764,44.19952477637764
Baked Turkey Tetrazzini,548,521.8848010172127,26.11519898278732
Ronto Wrap,832,551.8894073627869,280.11059263721313
Chocolate Cream Snack Cakes,501,507.1101705944722,6.1101705944722084
Baked Falafel,281,111.9186372309979,169.0813627690021
Korean Cucumber Salad,117,188.63077234214478,71.63077234214478
3-Ingredient Pancakes,236,240.6383994183175,4.638399418317505
California Melt,335,446.53302312612186,111.53302312612186
Easy Almond Thin Cookies,67,116.00588888971097,49.005888889710974
Alfredo Mostaccioli,430,534.9681390055614,104.9681390055614
Italian Escarole Pizza,505,390.1667476740034,114.83325232599663
Applesauce Doughnuts with Buttermilk,190,294.45350686557254,104.45350686557254
"Cranberry, Sausage and Apple Stuffing",195,502.09430674752974,307.09430674752974
Mom&#39;s Smoked Salmon Fried Rice,458,479.5878298737166,21.5878298737166
Simple Pecan Pie,530,539.30951078496,9.309510784960025
Pumpkin Pie I,217,322.4987102593851,105.49871025938512
Grilled Gyro Burgers,590,511.70504491297277,78.29495508702723
Tuna Noodle Casserole with Mushrooms,502,419.2313997774949,82.76860022250509
Cherry-Almond Breakfast Cobbler,323,370.3859137343187,47.385913734318706
Air-Fried Chicken Calzone,397,429.7146620421419,32.714662042141924
Buttermilk Sausage Gravy,365,335.39220688023676,29.607793119763244
Pasta con Seppioline e Zucchine alla Julienne (Zucchini and Calamari Pasta),626,472.3996141231499,153.6003858768501
Pesto alla Siciliana,211,289.1759139758418,78.17591397584181
Easy Turkey Gravy,22,335.3768804855964,313.3768804855964
Rhubarb Meringue Pie,291,381.4910221416401,90.49102214164009
Linguine with Seafood and Sundried Tomatoes,530,513.2862227902156,16.71377720978444
Roasted Carrots and Potatoes,210,243.6559527304965,33.655952730496494
Lamb Ribs with Honey and Wine,508,551.8265467691062,43.826546769106244
Ice Box Fruitcake,356,394.80096650613234,38.80096650613234
Easy Baked Brie with Almonds and Brown Sugar,431,235.0547941944827,195.9452058055173
Awesome Slow Cooker Pot Roast Plus Extras Recipe,402,340.62260197046476,61.37739802953524
Winter Fruit Salad,250,174.4491160165437,75.55088398345629
Cheesy Roast Beef Sliders,211,528.1999458152045,317.1999458152045
Everybody Loves Pilaf,312,370.0871009961753,58.08710099617531
Pumpkin Roll,282,191.65650487297415,90.34349512702585
Quick Vegan Sushi,292,192.8079527557216,99.1920472442784
Chess Pie,460,415.7049455375479,44.29505446245207
Flayed Man Cheese Ball,189,234.3613950206144,45.361395020614395
"Chili, Corn, and Black Bean Salsa",266,290.8731386423861,24.873138642386095
Spaghetti Alla Carbonara Tradizionali,488,567.8441071181621,79.84410711816213
Honey Lemonade,187,162.9269139505377,24.07308604946229
Chai Tea Ice Cream,523,358.054395486752,164.94560451324799
Green Halloween Punch,63,195.04792584018165,132.04792584018165
Shrimp and Sausage Southern Fried Cabbage,447,396.19151278296005,50.80848721703995
Southern Peach Cobbler,306,326.4200185035944,20.420018503594406
Turkey Cheese Ball for Thanksgiving,179,353.802739454287,174.802739454287
Easy Chicken Pasta Alfredo,687,735.391376633318,48.39137663331803
Coconut Overnight Oats with Protein Powder,313,361.8864900129304,48.88649001293038
Easy Energy Bars,89,148.30143944771686,59.30143944771686
Grandma&#39;s Blueberry Buckle,436,361.9957153449243,74.00428465507571
Curry in a Hurry,505,206.3222840429248,298.6777159570752
Chocolate Thumbprints I,307,250.72700177316563,56.272998226834375
Grilled Sausage with Potatoes and Green Beans,544,406.4912387549829,137.50876124501713
Easter Egg Cheese Ball,89,218.35007182306094,129.35007182306094
Gluten Free Danish,343,236.7830617927663,106.21693820723371
Salsa,53,-4.689842882991769,57.68984288299177
Marinated Baked Pork Chops,166,299.73891538033115,133.73891538033115
Seattle Dutch Babies,213,242.5856958559957,29.58569585599571
Yam Smoothie,227,422.5723532228813,195.5723532228813
Egyptian Feta Cheese Omelet Roll,242,337.52143002382417,95.52143002382417
Classic Swiss Steak,508,437.69704641087196,70.30295358912804
Lemon Pound Cake with Aunt Evelyn&#39;s Lemon Glaze,540,338.9837440403578,201.0162559596422
Cottage Cheese Pizza,430,357.8601058752763,72.1398941247237
Simple and Easy Stuffed Peppers,312,370.836247150639,58.836247150639
Tang Pie,630,346.673611400794,283.326388599206
Kapusta,151,237.36531151682948,86.36531151682948
Basic Pizza Dough,104,232.1491591404582,128.1491591404582
Sausage Gravy Casserole,153,390.17278121069154,237.17278121069154
Slow Cooker Spicy Shredded Chicken,136,237.0020235664112,101.0020235664112
Crispy Coconut Shrimp Tacos,706,650.9378672089995,55.06213279100052
Cajun Chicken,536,373.4836494576974,162.51635054230258
Instant Pot Frozen Salmon,172,234.30533612371397,62.30533612371397
Beef Enchilada Soup,307,420.0022202443651,113.0022202443651
Overnight Cinnamon Rolls,388,383.6896476196573,4.310352380342692
Tangy Cabbage Slaw With Crispy Tofu,615,373.3176440778469,241.68235592215308
The Best Classic Beef Stroganoff,447,546.8865094170882,99.88650941708818
Ham Casserole,304,435.02429606288877,131.02429606288877
Savory Rice and Quinoa Pilaf,386,242.88070287849445,143.11929712150555
Grilled Pork Tenderloin,185,329.6185474441123,144.61854744411232
Mustard Mashed Potatoes,282,199.4184502948076,82.5815497051924
Chicken Meatloaf,287,414.146843601247,127.14684360124699
Unstuffed Peppers,660,641.843308762505,18.15669123749501
Barm Brack,220,220.55655019843266,0.5565501984326602
Strawberry Vegan Nice Cream,502,348.6741238555737,153.32587614442627
No-Bake Pumpkin Pie,346,265.2245697027888,80.77543029721119
3-Layer Carrot Cake with Lemon Buttercream Frosting,844,511.06998333596187,332.93001666403813
Chicken Teriyaki,819,490.3363318343695,328.6636681656305
Sweet Curry Pumpkin Seeds,173,151.19232017613544,21.80767982386456
Cajun Shrimp,166,225.50706426610333,59.50706426610333
Lobster Tenderloin,601,666.7162429088868,65.71624290888678
Slow Cooker Sausage Tortellini Soup,395,466.32469307888437,71.32469307888437
5-Ingredient Carrot Cake,424,359.9233620690534,64.07663793094662
Chicken Hariyali Tikka,147,205.47151272908712,58.471512729087124
Fresh Strawberry Coffee Cake,249,317.16620639500877,68.16620639500877
Cranberry Pumpkin Cookies,90,151.13814637964182,61.138146379641825
Pulled Pork Pancakes,822,543.1466899650429,278.8533100349571
Roasted Pork Loin,300,430.8813251883515,130.88132518835152
Gorton (French-Canadian Pork Spread),236,301.0239078902765,65.02390789027652
Yummy Pesto Mashed Potatoes,217,242.00524082297997,25.00524082297997
Hawaiian Pizza Sliders,189,433.25715221337776,244.25715221337776
Avocado and Tilapia Ceviche,188,280.9205375458213,92.92053754582128
Spicy Potatoes and Scrambled Eggs,209,214.6481784923352,5.648178492335205
Pignoli Cookies,101,104.63415064368756,3.634150643687562
Sweet Noodle Kugel,364,331.7549486950079,32.2450513049921
Loaded Sriracha Fries,212,260.5384308781498,48.538430878149825
Slow Cooker Beef Tips with Mushroom Gravy,184,280.6216853140831,96.6216853140831
Pork Schnitzel,599,481.72519116947046,117.27480883052954
Tuna Souvlaki Pasta Salad,248,368.43096653836017,120.43096653836017
Latvian Honey Cake,470,364.19100661504694,105.80899338495306
Presto Vegan Pesto,337,221.21870258828423,115.78129741171577
Skillet Chicken and White Bean Stew,914,488.43610664841225,425.56389335158775
Vegetable Lo Mein,452,422.8959954560294,29.104004543970575
Chicken à la King,305,365.17709461012856,60.17709461012856
Fresh Mushroom Rice Pilaf,150,231.09731964280175,81.09731964280175
Smoked Sausage with Spaghetti Squash,650,521.9136331186832,128.08636688131685
Kalbi (Korean Marinated Short Ribs),347,603.5900509168657,256.5900509168657
Instant Pot® Butternut Squash and Pear Soup,240,292.7686251633886,52.768625163388606
Greek Yogurt Breakfast Parfait,264,295.0424534401674,31.042453440167378
Spicy Mashed Potatoes,301,243.91415640509345,57.08584359490655
Mom&#39;s Ginger Snaps,105,191.5683483559382,86.56834835593821
Granny&#39;s Shortbread Cookies,283,183.21143354696648,99.78856645303352
5 Minute Microwave Cornbread,154,218.56475954528182,64.56475954528182
Pup-Cakes,115,284.08187283166967,169.08187283166967
Instant Pot Pasta with Italian Sausage,786,575.5240862671264,210.47591373287355
Easy Kale Slaw,175,195.7191801750573,20.71918017505729
Never Fail Applesauce Spice Cake,448,467.8579753054237,19.85797530542368
Autumn Butternut and Kale Salad with Maple Vinaigrette,255,360.8523657626015,105.8523657626015
Fermented Kosher-Style Dill Pickles,30,139.9080823522361,109.90808235223611
"Easy Baked Chicken, Rice, and Broccoli Casserole",446,430.83007831125786,15.169921688742136
Hawaiian Macaroni Salad,480,324.664295500272,155.33570449972802
Air Fryer Crab Cakes,242,261.1056762038793,19.105676203879284
Authentic Russian Salad &#39;Olivye&#39;,261,364.0084000761951,103.00840007619507
Asparagus Carbonara,372,429.655142046929,57.65514204692897
Strawberry Bruschetta,120,156.04497460330197,36.04497460330197
Parsnip Vegetable Soup,192,237.54882766030715,45.548827660307154
Raspberry Danish,290,396.31886527550046,106.31886527550046
Cinnamon and Lime Chicken Fajitas,395,351.0586033157001,43.94139668429989
Zucchini Herb Casserole,266,335.2481250013259,69.24812500132589
Real French Crêpes,110,175.68835465296078,65.68835465296078
Epic Mashed Potatoes,336,399.7307408339021,63.730740833902075
Cornbread Donuts,211,271.2692396835978,60.26923968359779
Peach Smoothie,194,228.22691124550263,34.226911245502635
Hawaiian Apple-Pineapple Crumble,416,316.1902619991329,99.80973800086713
Fruit Punch Salad,69,107.90753874486475,38.90753874486475
No-Bake Cookie Dough Truffles,160,288.9115734229971,128.9115734229971
Five-Spiced Grilled Cheese Sandwiches,721,590.5711350210788,130.42886497892118
BBQ Chicken Calzones,564,473.12961722088744,90.87038277911256
Buffalo Chicken Wings I,256,437.11909771694246,181.11909771694246
Halloween Oreo Mummies,151,187.10761543692357,36.10761543692357
Italian Fig Cookies (Cuccidati),159,404.26082540917434,245.26082540917434
Blueberry Lemon Loaf,184,265.73583228553883,81.73583228553883
Beef Bulgogi with Dipping Sauce,405,438.2912542871331,33.291254287133086
Mexican Bean and Squash Soup,464,527.7996971887144,63.79969718871439
Grandma Donnie&#39;s Blueberry Coffee Cake,252,278.78332860515115,26.783328605151155
Brown Sugar Chicken Brine,58,197.90935013317963,139.90935013317963
Copycat Popeyes Red Beans and Rice,428,293.6642136801538,134.3357863198462
Homemade Cavatelli Pasta,338,195.96082768536678,142.03917231463322
The 15-Minute No-Bake Bars That Taste &#39;Just Like a PB&amp;J!&#39;,698,378.9027138147204,319.0972861852796
Best Carrot Cake Ever,457,396.1081262826398,60.89187371736023
Fresh Pumpkin Muffins,383,129.1497168131661,253.8502831868339
Delicious Baked Chicken,457,426.66038036849096,30.339619631509038
Chicken Fajita Skillet Casserole,775,747.5762376209146,27.42376237908536
Doberge Cake,917,757.7681466821589,159.23185331784111
Fried Rice with Yum Yum Sauce,398,420.5012476096481,22.50124760964809
Scallop and Bacon Spaghetti,328,352.6999442017127,24.699944201712697
3-Ingredient Lemon Scones,190,274.5680441414722,84.56804414147223
Apple Cider Margarita,434,341.99977410281383,92.00022589718617
Spicy Turkey Sloppy Joes,347,419.13908285534836,72.13908285534836
Nicki&#39;s Summer Strawberry Rhubarb Pie,546,397.02075560234016,148.97924439765984
Bang Bang Chicken Fried Rice,414,571.499243777113,157.49924377711295
Easy Teriyaki Chops,156,251.9215410631928,95.92154106319279
Homemade Egg Noodles,280,157.78966363065257,122.21033636934743
Quick Beef Stir-Fry,268,377.9179998368673,109.9179998368673
Best Ziti Ever with Sausage,631,543.8048495388412,87.19515046115885
Instant Pot Colcannon,357,311.3208015265658,45.67919847343421
Canadian Sharp Cheddar Cheese Spread,116,344.1162092279519,228.1162092279519
Hoot Owl Cookies,199,224.54562385779315,25.545623857793146
Pasta Fazool (Pasta e Fagioli),888,547.4299705191186,340.57002948088143
Risotto ai Frutti di Mare,637,604.4149261466541,32.585073853345875
Mongolian Ground Beef Noodles,471,408.33790602723934,62.66209397276066
Easy Chicken Quesadillas,618,585.3285763149628,32.67142368503721
Slow Cooker Chicken Creole,189,245.62033460140225,56.62033460140225
Cheesecake Brownies,187,341.38430370649155,154.38430370649155
Mary&#39;s Sugar Cookies,126,66.95312456487835,59.04687543512165
Fettuccine Alfredo with Chicken,470,431.74492222923965,38.25507777076035
Classic Infused Creme Brulee,298,430.3973480182675,132.3973480182675
Scrambled Eggs with Chorizo,232,289.596049948879,57.596049948879
Oysters Rockefeller,148,215.3374311745947,67.33743117459471
Air Fryer Blackened Catfish Fillets,606,451.99209615903067,154.00790384096933
Beth&#39;s Spicy Oatmeal Raisin Cookies,144,231.66653732218157,87.66653732218157
Pumpkin Thumbprint Cookies,97,150.3181065450781,53.31810654507811
Homemade Black Bean Veggie Burgers,198,263.97604111953484,65.97604111953484
Eastern Market Ramen Noodles,465,474.8526626151033,9.852662615103327
Great-Aunt Nina&#39;s Noodles and Chicken,423,420.975702634041,2.0242973659590007
"Chicken Biryani, Hyderabadi Style",571,572.8531790089652,1.853179008965185
1-2-3-4 Coconut Cake,866,582.3159690342641,283.68403096573593
Kerala Chicken Curry,248,316.38097582017934,68.38097582017934
No-Roll Pie Crust,213,244.9019609846215,31.901960984621496
Coconut Vanilla Doughnuts,335,318.2003279269276,16.799672073072372
St. Louis Toasted Ravioli,374,510.52263772290655,136.52263772290655
Bluebarb Pie,432,359.6004918715356,72.39950812846439
Mrs. Sigg&#39;s Snickerdoodles,92,207.19028471929008,115.19028471929008
Cold Tomato Cucumber Soup,266,282.3520440747211,16.352044074721107
Chicken and Tortellini Pesto Skillet,634,708.9488545851414,74.94885458514136
Breakfast Sausage Casserole,414,545.7132294594603,131.7132294594603
Cake Mix Whoopie Pies,214,366.4885651090724,152.4885651090724
Tomato and Mozzarella Bites,58,244.95652022610966,186.95652022610966
White Sangria with Frozen Fruit,213,196.86316967807477,16.13683032192523
Soft Pretzel Bites,166,229.30813985464067,63.30813985464067
Never Bitter Lemonade,101,135.10860557869762,34.10860557869762
Chef John&#39;s Crab Cakes,297,343.74700141704903,46.747001417049034
Gingerbread Cookie Mix in a Jar,137,89.41261889348159,47.58738110651841
Regular Chicken Soup,348,331.6931938715053,16.306806128494713
Foolproof Potato Latkes,289,195.2678544216435,93.7321455783565
Awesome Slow Cooker Pot Roast,426,359.7582263701514,66.24177362984858
Classic Pickled Eggs,71,55.96283901664604,15.037160983353957
Honey Pumpkin Seeds,148,226.7539261870395,78.7539261870395
Tiramisu Poke Cake,564,577.0865953572868,13.086595357286797
Easy Rice Flour Pancake,386,190.94522372622725,195.05477627377275
White Chocolate-Cream Cheese Fruit Tart Recipe,489,464.14185940875507,24.858140591244933
Grilled Lemon Pepper Chicken,234,374.5946105788149,140.59461057881492
Shrimp Lettuce Wraps,287,418.1223002646639,131.12230026466392
Shrimp Egg Foo Young,227,350.8437112916148,123.8437112916148
Chicken Stir Fry,344,395.54549048770986,51.545490487709856
Caribbean Slaw,61,226.24017369778454,165.24017369778454
Campfire Banana Splits,545,224.27699450305084,320.72300549694916
Quick and Easy Shrimp Fajitas,348,370.8813203928885,22.881320392888483
Sticky Monkey Brains,632,351.3333278210639,280.6666721789361
Idli,257,268.43624137104393,11.436241371043934
Fast Rice Pudding,424,215.98337981073615,208.01662018926385
Minty Mango Mojito,906,206.4626824990856,699.5373175009145
Authentic Baja-Mexican Street Tacos (Carne Asada),155,268.5252297733375,113.52522977333751
Kid-Friendly Italian Turkey Meatloaf,493,576.3930340347971,83.3930340347971
Easy Baked Banana French Toast,405,386.66590273316365,18.334097266836352
Amazingly Easy Irish Soda Bread,172,329.41724036958857,157.41724036958857
Sister Beth&#39;s Carrot Cake,614,482.66642603136995,131.33357396863005
Steak Soup,361,482.26419581529876,121.26419581529876
American Shepherd&#39;s Pie,342,398.0955868535053,56.095586853505324
Cheesy Buffalo Chicken Dip,450,268.3903265027657,181.60967349723433
To Die For Blueberry Muffins,381,311.8027455915616,69.19725440843843
Don&#39;t Go Heatin&#39; the House Gluten-Free Fresh Cherry Crumble,459,237.23405570977383,221.76594429022617
Atta (Whole Wheat) Halwa,300,263.6535793432633,36.34642065673671
Farmer&#39;s Casserole,316,335.78574428480033,19.78574428480033
Breezy Key Lime Pie with Strawberry Rhubarb Glaze,834,375.7863096711402,458.2136903288598
Bacon Chicken and Dumplings,452,467.3822406152604,15.3822406152604
Bacon-Wrapped Cherries,65,167.37151730262792,102.37151730262792
White Chili with Ground Turkey,396,401.24913599578923,5.249135995789231
Pasta with Fresh Tomato Sauce,257,248.0428840379953,8.957115962004707
Fruitcake,500,365.74030115901655,134.25969884098345
Bacon Cheddar Jalapeno Poppers,281,179.06045474732372,101.93954525267628
Broccoli Slaw,439,367.6810195874242,71.3189804125758
Whipped Vodka Lemonade,323,383.7124089428308,60.71240894283079
Grilled Salmon Tacos,842,574.4320135042566,267.5679864957434
Camping Pasta with Clam Sauce,624,367.45332611626645,256.54667388373355
Orange-Glazed Carrots,136,173.85089645240572,37.85089645240572
Easy Slow Cooker Meatballs,925,355.62544804693516,569.3745519530648
Simple Crème Brûlée Dessert,612,282.15630807454454,329.84369192545546
Southwestern Roasted Corn Salad,223,137.6022571630221,85.3977428369779
Oyako Donburi,278,285.3983903586748,7.398390358674817
Käsesahnetorte (German Yogurt Mousse Cake),640,479.7036765831536,160.2963234168464
Vegetarian Tortilla Soup,315,496.4549733455893,181.45497334558928
Soft Cheese Tacos,705,319.5028549588204,385.4971450411796
Vegetarian Stout French Onion Soup,399,412.7450320818851,13.745032081885086
Corned Beef and Ham Hash,548,485.66157940696706,62.338420593032936
4-Ingredient Slow Cooker Cherry Cobbler,280,344.80502951363076,64.80502951363076
Scott Hibb&#39;s Amazing Whisky Grilled Baby Back Ribs,1029,501.1285272607041,527.8714727392959
Cream Cheese Spritz Cookies,60,216.99227695364004,156.99227695364004
Chef John&#39;s Horchata,176,236.25017312964118,60.25017312964118
Garlic Top Sirloin Pot Roast,378,411.7144227661138,33.714422766113785
Just Garlic Toast,171,323.99010824468735,152.99010824468735
Classic Meatloaf,284,343.32313950157504,59.32313950157504
Jian Bing (Chinese Crêpes),220,242.1951793975689,22.195179397568893
Restaurant-Style Coleslaw,184,244.61961241546823,60.619612415468225
Chicken Parmigiana,528,485.89119410594503,42.10880589405497
Italian-Seasoned Stuffed Mushrooms,79,204.58533977708743,125.58533977708743
Breakfast Blueberry Cheesecake Muffins,240,344.122770577884,104.12277057788401
Rassolnik with Rice (Russian Pickle Soup),599,484.31671970916415,114.68328029083585
Hot Chocolate Truffles,133,255.9192372401365,122.91923724013651
Grilled Gyro Flatbread,441,448.31760450474667,7.317604504746669
Candied Yams and Marshmallows,551,277.1572162323338,273.8427837676662
Chef John&#39;s Flour Tortillas,171,262.3271712748568,91.32717127485682
Blueberry Coffee Cake,396,313.0884546635876,82.91154533641242
Spam and Green Onion Casserole,486,511.3816924974446,25.38169249744459
Buttermilk-Brined Turkey,771,530.5797240471936,240.42027595280638
Frosted Shortbread Holiday Cookies,292,278.40930098045726,13.59069901954274
Bloody Mary Cocktail,126,143.0962862640573,17.096286264057312
Chicken Parmesan Pasta,715,671.5496544329635,43.45034556703649
Pesto Chicken Caprese,506,560.9407805471965,54.94078054719648
Lemon Garlic Butter Chicken Spiedini,637,651.6488249547068,14.64882495470681
Granny’s Mini Pecan Pies,1302,596.9125520560656,705.0874479439344
Camp David Spaghetti with Italian Sausage,439,563.1839331214051,124.18393312140506
Venezuelan Black Bean Soup,239,213.27394758995183,25.72605241004817
Hot Pepper Jelly,89,43.891229282557816,45.108770717442184
Salted Pumpkin Caramels,57,408.56177013157503,351.56177013157503
Creamy Chicken Tostadas,550,454.11856216321775,95.88143783678225
Turkey in a Bag,744,482.35896845547074,261.64103154452926
Potato Crunchy Tenders,556,475.07050225148157,80.92949774851843
New York-Style Crumb Cake,548,516.5909697191662,31.409030280833804
Steamed Lobster Tails,325,397.7252571637963,72.7252571637963
Caveman Chili,357,327.3111976020251,29.688802397974882
Brownie Cupcakes with Hazelnut Buttercream,483,331.5613508698391,151.4386491301609
Brown Rice,425,312.2047223318265,112.79527766817353
Chocolate Snickerdoodles,90,198.67196316796114,108.67196316796114
Fried Mac and Cheese Balls,543,575.6112464784615,32.61124647846145
Restaurant Style Mac and Cheese,376,385.84243149687364,9.842431496873644
Sukhothai Pad Thai,619,448.10746631480214,170.89253368519786
Grandpa&#39;s Tomato Gravy,163,187.4103072720094,24.41030727200939
Mexican Cheese and Hamburger Dip,260,387.35078232045123,127.35078232045123
Easy Lemon Icebox Pie,322,360.45954912250363,38.45954912250363
Garlic Parmesan Baked Shrimp,309,403.05517934769523,94.05517934769523
Summer Fruit Galettes,269,336.6677072677236,67.66770726772359
Air Fryer Donut Sticks,266,195.06345781111258,70.93654218888742
Carolyn&#39;s Oh-So-Easy Cherry Cobbler,231,262.1510362668406,31.151036266840606
Stuffed Eggs,117,233.98816970128672,116.98816970128672
Fonio Pilaf,789,209.42570569605547,579.5742943039445
Cannoli Cheesecake,480,561.8012083489629,81.80120834896286
Light and Fresh Mexican Gazpacho,285,327.4914028444109,42.49140284441091
Grilled Flank Steak,356,276.8848660186378,79.11513398136219
Pumpkin Cornbread (Gluten Free),284,286.5705519860203,2.5705519860202912
Red Lobster Cheddar Biscuits,190,422.6458518832254,232.64585188322542
Cherry Crunch Cake,436,378.77175889620196,57.22824110379804
Homemade Ice Cream,142,356.3097989720794,214.30979897207942
Appetizing Vegetarian Burritos,382,308.69693301206155,73.30306698793845
Sunday School Fudge,71,124.69106168306195,53.691061683061946
How to Make Bolognese Sauce,394,376.58179813791713,17.418201862082867
Slow Cooker Italian Beef,318,346.35159925338104,28.35159925338104
Strawberry Champagne Punch,108,163.99233520218215,55.99233520218215
"Sweet, Sticky, and Spicy Chicken",232,334.15369562280864,102.15369562280864
Spinach Garlic Meatballs,317,383.8042532160659,66.80425321606589
Banana Zucchini Bread Muffins,101,181.189703180708,80.189703180708
Texas Cowboy Quiche,587,641.6250364616996,54.62503646169955
Creamy Coconut Polenta,148,264.6066070304862,116.6066070304862
Korean Kebabs,237,415.08057173840274,178.08057173840274
Quick Chicken Soup,266,140.42324587045346,125.57675412954654
Grandma&#39;s Meat and Tater Hotdish,603,478.32523706758616,124.67476293241384
Super Easy Chilaquiles,1074,353.60655913397704,720.393440866023
Easy Leftover Meatloaf Empanadas,285,348.47591511400236,63.47591511400236
Easy Pickled Mushrooms,117,205.04105899564823,88.04105899564823
Low-Carb Cauliflower Rice Sushi Rolls,407,262.846143104283,144.153856895717
Slow Cooker Scalloped Potatoes and Ham,265,363.1592215912271,98.1592215912271
Bloody Mary Burrata,228,335.2557022730242,107.25570227302421
Microwave Corn on the Cob,123,128.7276118526632,5.727611852663188
Shortcut Cherry Danish,166,296.29650860119034,130.29650860119034
Chef John’s Classic Guacamole,158,168.65080600301053,10.65080600301053
Slow Cooker Chicken and Gravy,180,328.3969888406489,148.39698884064887
Instant Pot® Savory Sriracha Oatmeal,255,209.80173885357198,45.198261146428024
Peanut Butter Playdough,840,281.87241427727724,558.1275857227228
3-Ingredient Cake Mix Cobbler,439,323.81542947257793,115.18457052742207
Gourmet Microwave Popcorn,114,198.4729566032936,84.4729566032936
Slow Cooker Chicken Dinner,663,329.18711900317146,333.81288099682854
Apple Cheesecake,341,412.2350447285078,71.23504472850777
Chocolate-Dipped Coconut Macaroons,133,203.33267880199566,70.33267880199566
Cheesy Garlic Mashed Potatoes,473,453.89728027540866,19.10271972459134
Easy and Incredible Cinnamon Roll Bites,175,268.66575624695815,93.66575624695815
Italian Cherry Margarita,242,210.8280230723844,31.17197692761559
Turducken,836,604.5332174739822,231.46678252601782
Tortilla Chip Chicken and Rice Casserole,483,568.3023983777211,85.30239837772115
Awesome Egg Salad with a Kick,174,292.6242151338102,118.6242151338102
Arabian Rose Water Pudding (Muhalbiyah),107,186.8865571855393,79.88655718553929
Apple-Maple BBQ Sauce,35,237.88306570319776,202.88306570319776
Peppermint Buttercream Frosting,106,160.43854863918557,54.43854863918557
Om Ali,934,520.1550470313562,413.84495296864384
BBQ Chicken Pizza,385,484.6281086595633,99.62810865956328
Elote Bowl with Grilled Pineapple,817,436.52018564261084,380.47981435738916
Parmesan Risotto,154,460.4864222086369,306.4864222086369
Party Beans,382,396.62872185275563,14.628721852755632
Blueberry or Cherry Dessert,354,410.80994346845137,56.809943468451365
Vegan Jamaican Curry,138,319.3441177565127,181.34411775651267
The Perfect Chocolate Chip Cookie,219,232.28904594434977,13.289045944349766
Pesto Chicken,312,362.78002375238304,50.780023752383045
Chinese Chicken Fried Rice,425,424.49525093323115,0.5047490667688521
Deviled Shrimp Tostadas,387,485.94499839285095,98.94499839285095
Miso Butter Mashed Sweet Potatoes,234,222.897360968093,11.102639031906989
Cabbage Rolls,441,451.94265069947375,10.942650699473745
Southwestern Breakfast Sliders,135,244.00986112307356,109.00986112307356
Chef John&#39;s Chicken Lettuce Wraps,212,460.7699214992919,248.7699214992919
Cold Soba Noodle Salad,490,353.73346496234376,136.26653503765624
Jalapeño Popper Pasta Salad,501,501.5735773813089,0.573577381308894
Mother&#39;s Applesauce Cake,526,425.7552992966511,100.24470070334888
Mushroom Gravy,32,167.2568166728968,135.2568166728968
Ground Beef Fried Rice,397,441.4879569039442,44.48795690394422
Bread Machine Thin Crust Pizza Dough,126,169.386033180897,43.38603318089699
Chorizo Stuffed Poblano Peppers,477,443.10619801770076,33.89380198229924
Go-To Crawfish Etouffee,236,293.4108960791583,57.410896079158306
Paul&#39;s Southern California BBQ Sauce,87,198.0656721258484,111.06567212584841
Russian Tea Cakes,101,202.62345284785374,101.62345284785374
Saltine Cracker Pie Crust,299,285.18254165599893,13.817458344001068
Watermelon Cucumber Salad,203,237.89675057009896,34.89675057009896
Holiday-Only Mashed Potatoes,339,406.51457687493416,67.51457687493416
Easy Quiche,371,336.27865764132923,34.72134235867077
Spinach Stuffed Mushrooms,42,232.63113011196455,190.63113011196455
Classic Patty Melt,822,583.5606303010113,238.43936969898868
Grandma&#39;s Collard Greens,181,180.82754509170496,0.1724549082950375
Easter Lemon Bread,286,337.2188347182109,51.21883471821093
Sunset Rum Punch,350,294.65675099277746,55.34324900722254
Air Fryer Stuffed Peppers,566,446.74708368437376,119.25291631562624
Hot Water Pie Crust,142,275.0359579270391,133.03595792703908
DB&#39;s Caramel Popcorn Bacon Mix,1247,351.1310576834372,895.8689423165629
Korean Slow Cooker Pork Chops,142,292.44961382939135,150.44961382939135
Rosemary Shortbread Cookies,118,137.37093395212955,19.370933952129548
Smoky Grilled Pork Chops,254,258.2997284142591,4.299728414259107
Ground Beef Curly Noodle,368,568.9462085703232,200.94620857032317
Art&#39;s Southern-Style Chocolate Gravy,201,225.2231416995873,24.223141699587302
Easy Chicken Fried Rice,425,522.8303477179072,97.83034771790722
Best Chocolate Frosting,154,177.84685466753518,23.846854667535183
Olive Pecan Spread,208,279.45962998593836,71.45962998593836
BLT Deviled Eggs,82,171.7859574847468,89.7859574847468
Grandma Z&#39;s Crunch Salad,309,264.19020909719876,44.80979090280124
Dark Chocolate Sheet Cake with Dark Chocolate Frosting,286,545.9647456489481,259.9647456489481
Flank Steak Marinade,482,345.6351195152468,136.3648804847532
Rum Truffles,98,279.1479205342222,181.14792053422218
Heavenly Halibut,235,276.79785379620745,41.79785379620745
Quick Mediterranean Vegetables,142,167.3151274106413,25.31512741064131
Blackberry Pie,248,442.49560515562746,194.49560515562746
Tofu Cheesecake,371,377.6406742319432,6.640674231943194
Hot Honey Brussels Sprouts,132,248.8737369022333,116.8737369022333
Blueberry Sauce,120,156.90112097134624,36.901120971346245
Creamy Pork Stew,760,454.2346962190946,305.7653037809054
One-Pot Teriyaki Chicken Casserole,424,529.0502989239691,105.05029892396908
Bisquick Peach Cobbler,427,288.89541399303505,138.10458600696495
Quince Jelly,207,211.39126925514896,4.391269255148956
Grilled Cheese Sandwich,400,600.2019327899684,200.2019327899684
Apricot Lentil Soup,263,173.31462626075205,89.68537373924795
Farmer Cheese Dumplings,325,466.6077217234941,141.60772172349408
Vegan Truffles - Toasted Coconut,337,237.16734056699562,99.83265943300438
Chocolate Chip Kahlua® Pecan Pie,659,640.4504177863258,18.54958221367417
Mini Frittatas with Quinoa,213,246.09433797185585,33.09433797185585
Real Chiles Rellenos,424,514.5334558534341,90.53345585343413
Hamburger Gravy,375,395.2672615496128,20.267261549612783
Shrimp Primavera,460,422.9954229118495,37.004577088150484
Mom&#39;s Tuna Casserole with Ritz® Cracker Topping,569,678.3441883372136,109.34418833721361
Classic Yule Log,540,543.995201076074,3.995201076073954
Quick Peanut Butter Cookies,66,114.80769943023691,48.80769943023691
American Frittata,234,397.9515155497453,163.9515155497453
Blueberry Cream Dessert,231,431.38621969878466,200.38621969878466
Caramel Pecan Apple Pie,872,458.3683566373153,413.6316433626847
Caramelized French Toast,248,403.12188413342034,155.12188413342034
Bacon Wrapped Tater Tots,238,428.9920838297742,190.99208382977417
Slow Cooker Chicken Taco Soup,434,527.3953720801076,93.39537208010756
Ratatouille Bake,188,244.24990528172134,56.24990528172134
Harissa Chicken Meatballs,295,310.17215801361465,15.172158013614649
Sour Cream Waffles,345,251.29810946211205,93.70189053788795
Gourmet Wasabi Grits,119,227.30432679451022,108.30432679451022
Grilled Panini Sandwich Without a Panini Maker,589,638.8814562728537,49.88145627285371
Moroccan Lentil Stew,175,317.2783141024428,142.27831410244278
Keto BBQ Ribs,418,607.8625398042099,189.86253980420986
Monkey Bread with Butterscotch Pudding,346,363.4452188919237,17.445218891923673
Light Rose Water Lemonade,22,161.69198488377313,139.69198488377313
Healthier Easy Sugar Cookies,70,83.89832236187712,13.89832236187712
Cinnamon-Roasted Pecans and Almonds,240,333.2118173238566,93.21181732385662
Instant Pot Hungarian Goulash,191,421.34073033596775,230.34073033596775
Garlic Focaccia Muffins,187,182.2363330389447,4.763666961055293
Onigiri (Japanese Rice Balls),744,283.2497368111306,460.7502631888694
Filipino Pancit Bihon with Canton,316,418.02825022042316,102.02825022042316
Spaghetti Frittata,589,423.43621823074915,165.56378176925085
Chinese New Year Turnip Cake,629,593.8102367799404,35.189763220059604
Spiced Pumpkin Pie,240,288.344027259046,48.344027259046015
Mexican-Style Marinated Cheese,224,364.61258867097,140.61258867097
Guatemalan Rice,440,135.053136136239,304.946863863761
Lemon Curd-Poppy Seed Crumb Bars,331,255.1953627840085,75.8046372159915
Best Candied Yams with Marshmallows,325,368.84118902896796,43.84118902896796
Cranberry Sauce II,146,114.75721660209626,31.242783397903736
Best Homemade Caesar Salad Dressing,384,451.1510175104868,67.15101751048678
Instant Pot Tuna Puttanesca,735,345.51569370512755,389.48430629487245
Strawberry Glazed Pie,279,283.35356405055745,4.353564050557452
Authentic Fire-Roasted Tex-Mex Salsa,14,18.197703609292674,4.197703609292674
Mushroom Lentil Barley Stew,213,212.06065223270377,0.9393477672962263
Easy Apple Pie,249,446.28293217088526,197.28293217088526
Easy Chicken-Stuffed Crepes,316,518.4119625020505,202.41196250205053
Easy Stroganoff,695,476.41900871050683,218.58099128949317
Momma&#39;s Best Chicken and Dumplings,405,488.5487379729821,83.54873797298211
Traditional Rub for St. Louis Ribs,1098,447.1053008883414,650.8946991116586
Simple Crab Quiche,396,475.43912924478207,79.43912924478207
Roasted Vegetable Wreath,251,477.0556732547126,226.0556732547126
Seafood Pot Pie,940,656.0401990024486,283.9598009975514
Korean Short Ribs (Kalbi Jjim),782,596.7196095135338,185.28039048646622
Teriyaki Grilled Shrimp,239,287.8331935555467,48.8331935555467
Awesome Broccoli Marinara,122,237.5314033510333,115.5314033510333
Whipped Pumpkin Pie,605,358.92541955936014,246.07458044063986
Chicken-Stuffed Peppers,377,454.3845077218339,77.38450772183393
Loaf Pan Short Ribs for 2,1165,680.6788376254425,484.3211623745575
Booger Cookies,204,202.71093490513226,1.2890650948677376
Creamy au Gratin Potatoes,499,365.3687897465102,133.63121025348983
Instant Pot Shrimp Scampi Risotto,722,544.4979695631959,177.50203043680415
Knoephla Soup,258,353.44786447964094,95.44786447964094
Country Fried Potatoes with Hatch Chiles,305,344.72649866189465,39.72649866189465
Charoset,98,174.75068993081965,76.75068993081965
Stuffing Meatloaf,289,425.3371186068647,136.3371186068647
Key Lime Pie Mini Dessert,179,284.16276361389174,105.16276361389174
Shrimp Stir-Fry Noodles with Peanut Sauce,531,554.6054680447007,23.60546804470073
Apple-Cranberry Sauce,95,135.44504089352733,40.445040893527334
Spanish Rice and Shrimp,247,335.19951681703435,88.19951681703435
Ukha (Russian Fish Soup),127,231.00822931625132,104.00822931625132
Easy Pumpkin Bars,99,128.03614498744892,29.03614498744892
Tortilla Española,340,369.1408684777442,29.14086847774422
Leftover Brown Rice and Mushroom Pilaf,236,344.35117093661086,108.35117093661086
Cheesy Pierogi Casserole,532,362.2144132554853,169.78558674451472
Spinach Cheese Manicotti,576,453.5961728547451,122.40382714525492
Chocolate Pretzel Treats,37,175.20800094887005,138.20800094887005
Cosmopolitan Cocktail,131,199.06547709746272,68.06547709746272
Italian Mac and Cheese,603,536.5726390725664,66.4273609274336
Easy Pecan Pie,500,577.2217985028406,77.22179850284056
Eight Treasure Porridge Dessert,164,276.76321266985974,112.76321266985974
Cheesy Italian Tortellini,468,606.3947382266815,138.3947382266815
Harvest Noodle Pudding - Fruit Kugel,228,357.13111574358436,129.13111574358436
Apple Crisp Topping,301,254.20102502746835,46.79897497253165
Cranberry Jell-O Salad,123,141.29687825425881,18.296878254258814
Soft Pretzel Sticks with Honey Mustard Dipping Sauce,216,278.64105661060887,62.64105661060887
Flounder Mediterranean,282,373.24514367244524,91.24514367244524
Barbarian Beef,243,386.5498038830674,143.5498038830674
Grilled Caribbean-Spiced Pork Tenderloin with Peach Salsa,233,257.18135303621875,24.181353036218752
Green Oat Pancakes for St. Patrick&#39;s Day,100,308.38649430455007,208.38649430455007
Peanut Butter Oatmeal,449,269.89904496911106,179.10095503088894
Zucchini Pizza Bake,409,408.7712772165218,0.2287227834781902
Grilled Radishes,51,243.42267108310355,192.42267108310355
Crunchy Granola Breakfast Cereal,283,428.6524314035938,145.65243140359382
Quinoa Crepes,312,302.9307999153774,9.069200084622594
Baked Yam Fries with Dip,529,217.47957124196523,311.52042875803477
Whole Wheat Chapati,132,106.52655345011291,25.473446549887086
Homemade Soft Pretzels,237,188.4265174269986,48.5734825730014
St. Patrick&#39;s Day Deviled Eggs,119,121.1516884261473,2.1516884261473024
Italian-Style Stuffed Peppers,638,587.5707351140106,50.42926488598937
D&#39;s Skillet Gravy,76,138.95301265571936,62.95301265571936
Slow Cooker Pot Roast with Malbec (Red Wine),350,454.14214036055523,104.14214036055523
Healthier Grilled Salmon I,299,345.71774016368965,46.717740163689655
Berry Galette,317,359.17487180565536,42.17487180565536
Ven Pongal,308,361.3309526075019,53.3309526075019
Fantastic Grilled Potatoes,181,282.9701123045537,101.97011230455371
Spicy Tuna and Hummus Salad,343,183.01626231918664,159.98373768081336
Easy Lemonade,54,126.69935010315373,72.69935010315373
Apple Crumble with Halva Topping,254,315.6714031260285,61.67140312602851
Grilled Tomatoes,21,141.0593429388774,120.05934293887739
Make-Ahead Freezer Chicken Parmesan,259,339.11951545243824,80.11951545243824
Apple-Tarragon Turkey Sloppy Joes,184,222.44089449994175,38.44089449994175
Candied Yam Cupcakes,276,414.0373116490511,138.0373116490511
Shrimp Fettuccine Alfredo,440,569.1046926893307,129.1046926893307
Grandma Ruby&#39;s Prune Cake,386,450.09990341889574,64.09990341889574
Easy Basil Pesto with Almonds,226,257.1302837336533,31.1302837336533
Sloppy Joe Cornbread Casserole,417,311.5369007189235,105.4630992810765
Potato Leek Soup with Bacon,739,396.10660035236936,342.89339964763064
"Veronica&#39;s Hot Spinach, Artichoke and Chile Dip",314,209.810497957792,104.189502042208
Easy Strawberry Icebox Cake,329,391.4306261758016,62.43062617580159
Fried Egg Tortilla,473,503.0941341747077,30.094134174707676
Juicy Roasted Chicken,423,529.0289472107004,106.02894721070038
Tortellini alla Fini,699,518.2670326289694,180.73296737103055
Pannekaken (Norwegian Pancakes),145,203.69414430409665,58.69414430409665
Loaded Baked Potato Soup,550,443.04568909463916,106.95431090536084
American French Onion Soup,460,491.81364224390387,31.81364224390387
Garlicky Bacon and Pickle Pizza,577,439.7908180559451,137.20918194405488
Fortune Cookies,32,47.511703980683194,15.511703980683194
On Luck&#39;s Hoisin Pepper Steak Stir-Fry,385,383.1797328136686,1.8202671863314208
Super Easy Slow Cooker Chicken Enchilada Meat,93,295.33389455915244,202.33389455915244
Spicy Black Bean Salad,221,261.44029589262493,40.44029589262493
Slow Cooker Peach Upside-Down Cake,654,365.7381914099659,288.2618085900341
Cool Kale Smoothie,147,187.96519137649284,40.96519137649284
Homemade Peppermint Patties,183,202.3351185756332,19.335118575633203
Mile High Green Chile,174,447.3731381215311,273.3731381215311
Keto Avocado Pudding,604,253.5026289372282,350.4973710627718
Tikil Gomen (Ethiopian Cabbage),166,98.79871337239862,67.20128662760138
Grilled Eggplant and Feta Farfalle,382,396.9561502581339,14.956150258133903
Amish Salisbury Steak,322,384.0848476523752,62.084847652375174
Sugared Campfire Donuts,199,215.70447609698877,16.70447609698877
Chicken Parmesan Pasta Casserole,1122,783.1270356311397,338.87296436886027
Quick Italian Skillet Dinner,358,371.5041863003054,13.504186300305378
Citrus Ceviche,440,384.5776301430214,55.422369856978605
Creamy Chicken and Shrimp Alfredo,681,818.7214461792506,137.72144617925062
Mini Banana Bread Loaves,222,233.6804723763857,11.680472376385694
Easy Kimchi Fried Rice,247,401.5971779935585,154.5971779935585
Instant Pot Chocolate Cheesecake,568,497.0304156254868,70.9695843745132
Instant Pot Lamb Tagine with Lentils,401,400.80323486914,0.19676513086000114
Chili Crisp Cold Noodles,437,528.2852222231589,91.28522222315894
Texas Firehouse Dip,103,47.0051381313431,55.9948618686569
Apple Raisin French Toast Strata,354,462.50592039228064,108.50592039228064
Broccoli and Tortellini Salad,322,443.93632317638105,121.93632317638105
Pizza Rice Bake (Pizzaiola Rice),275,601.9896711692734,326.9896711692734
Homemade Fresh Pumpkin Pie,363,304.64954756993404,58.35045243006596
Cream Cheese Sugar Cookies,53,128.49538881834886,75.49538881834886
Brown Rice Raisin Pudding,302,270.7651176372203,31.234882362779672
Party Lemonade,215,120.28219167172647,94.71780832827353
Chicken Garlic Pizza,202,380.7006732728958,178.7006732728958
Easy Peanut Butter Blossoms,149,204.16715125293476,55.16715125293476
Slow Cooker Thai Peanut Chicken with Vegetables,620,430.6592834507129,189.3407165492871
Grilled Salmon Steaks with Savory Blueberry Sauce,383,473.6705136061622,90.67051360616222
Tasty Eggnog Cookies,70,191.52583812260332,121.52583812260332
PB Banana Oat Smoothie,499,315.96435195748495,183.03564804251505
Simple Teriyaki Sauce,20,146.32734113238888,126.32734113238888
Huevos Diablos,276,385.9670665972511,109.96706659725112
Biscones,207,136.9071724852791,70.09282751472091
Low Carb Turkey-Stuffed Peppers,463,476.767854228067,13.767854228066994
Strawberry Banana Protein Shake,261,380.1340085752262,119.13400857522618
Hot Honey Shallot Green Beans,71,142.49687383847942,71.49687383847942
Crunchy Eggplant Parmesan,350,364.232782146689,14.232782146688976
Reibekuchen (German Potato Pancakes),399,258.3944849394336,140.6055150605664
Best Ever Rugelach,95,344.72267975028967,249.72267975028967
Swamp Cabbage,262,331.81478146363156,69.81478146363156
Sriracha Deviled Eggs,143,136.1673838442693,6.832616155730705
Microwave Frittata for One,313,234.20942267106886,78.79057732893114
Easy No-Squeezy Cherry Limeade Pie,495,341.9216699720624,153.07833002793762
Zucchini Mincemeat,288,210.03568378439303,77.96431621560697
Cherry Pie,506,402.3520288554706,103.64797114452938
Old-Fashioned Homemade Hard Candy,116,152.53484887881547,36.53484887881547
The Best Thai Peanut Sauce,160,237.1839925760009,77.18399257600089
Banana Rum Biscotti,92,189.75420149774774,97.75420149774774
Shrimp Carbonara,471,503.3475283506907,32.34752835069071
Peppers Stuffed with Cream Cheese and Sausage,321,340.4131823892701,19.413182389270105
Green Bean Tater Tot Casserole,404,453.48912477973795,49.48912477973795
Air Fryer Calamari,297,367.96096320043125,70.96096320043125
Capellini Pomodoro (Pasta with Fresh Tomato Sauce),406,346.5463411061401,59.45365889385988
Shrimp Scampi Cheesecake Appetizer,701,682.3448251485315,18.655174851468473
Breaded Toasted Ravioli,432,308.4935102713307,123.5064897286693
Celery Potato Soup,213,205.66859710687714,7.331402893122856
Spinach and Mushroom Soup with Spaetzle,327,302.4037049493378,24.596295050662206
Bagels II,34,156.69620236390156,122.69620236390156
Onion Pasta,579,495.7634053545522,83.23659464544778
Easy Garlic Broiled Chicken,303,402.6318296732042,99.63182967320421
Make-Ahead Sausage and Veggie Bowls,452,374.3148224342566,77.6851775657434
Hamantashen II,373,273.38943081300056,99.61056918699944
Hearty Vegetarian Lentil Stew,157,322.6158859133743,165.6158859133743
Mini Lemon Tarts,670,182.94675927194513,487.0532407280549
Lemon Blackberry Blondies,172,247.27182301515867,75.27182301515867
Best Snowball Cookies,63,39.92031184915736,23.079688150842642
Turkey-Stuffed Peppers,520,491.28142628108213,28.718573718917867
Yam and Apple Casserole,420,310.3809455575679,109.61905444243212
Chicken Noodle Soup,227,325.71098580417265,98.71098580417265
Big Game Day Chili,544,637.2300095986606,93.23000959866056
Spicy Mac and Cheese,634,509.13770218424344,124.86229781575656
Coconut Macaroons IV,54,128.4518273577529,74.4518273577529
Easy Creamy Vanilla Fudge,121,167.1933847462513,46.1933847462513
One-Pot Ground Beef Stroganoff,586,517.3747393212916,68.6252606787084
Mexican Ham and Cheese Breakfast Casserole,690,404.06485205422234,285.93514794577766
Best Hot Crab Dip,284,491.19313157316935,207.19313157316935
Whipped Cream Cream Cheese Frosting,233,297.1728989895232,64.17289898952322
Instant Pot® Wild Rice and Barley Pilaf,133,185.7581279559679,52.75812795596789
Italian Anisette Cookies,129,172.6840640998094,43.684064099809405
Spiced Pear Old-Fashioned,215,272.6132493562506,57.613249356250606
Nutty Apple Crisp,393,249.5905436713104,143.4094563286896
Salmon Cream Cheese,231,214.43997810737895,16.56002189262105
Pineapple Coconut Zucchini Bread,280,410.15001296489595,130.15001296489595
Naughty Nutty Blondies,222,266.491409630676,44.491409630676
Waffle House-Style Waffles,448,449.0385517528731,1.0385517528731043
Air Fryer Lobster Tails with Lemon-Garlic Butter,565,348.835924163662,216.164075836338
Easy Tiramisu,406,329.2054846604142,76.79451533958581
Apple Ladybug Treats,113,222.9457305887168,109.9457305887168
Deviled Egg Pickle Boats,170,438.6800463613586,268.6800463613586
Spinach Mushroom Omelet,114,193.8991004358262,79.8991004358262
Easy 100% Whole Wheat Bread,140,94.3969727735658,45.60302722643419
Aunt Freddie’s Pound Cake,524,520.0371879596455,3.9628120403544926
Fried Peach Cobbler Rolls,431,373.93590012620615,57.06409987379385
Creamy Creamed Cabbage,179,245.8181277055748,66.8181277055748
Low-Carb Yellow Squash Casserole,228,386.59852391721245,158.59852391721245
Easy Creamed Spinach,88,164.63410745091488,76.63410745091488
Peach-Honey-Vanilla Butter,23,322.63755584039643,299.63755584039643
Polpette (Italian Meatballs),371,629.9671979172122,258.96719791721216
Potato Chowder Soup,359,292.11078968562856,66.88921031437144
Bing Cherry Salad,132,311.74797463001926,179.74797463001926
Grilled BBQ Meatloaf,656,498.51079681328116,157.48920318671884
Tofu Burgers,151,389.5153150137716,238.5153150137716
Pumpkin Ginger Scones,363,386.7842754828097,23.784275482809676
Kurkuri Bhindi (Crispy Okra) in the Air Fryer,194,96.08262266095065,97.91737733904935
Lobster Ravioli Bake,527,503.4937772996512,23.506222700348815
French-Canadian Gorton Pork Spread,59,306.4353290685925,247.43532906859252
Bisquick Pie Crust,112,242.79416561272024,130.79416561272024
Enchanted Sour Cream Chicken Enchiladas,434,519.6197079154447,85.61970791544468
Turkey Bolognese with Penne,365,396.8449721019334,31.844972101933422
Five Flavor Pound Cake,511,464.7324994841045,46.267500515895506
Ranger Cookie Bars,260,247.18906708987475,12.810932910125246
Mini Crescent Roll Burgers,455,394.09767743897146,60.90232256102854
Cabbage Jambalaya,550,447.7298178247479,102.2701821752521
Indian Chicken Tikka Masala,252,369.4328588031414,117.43285880314141
Stick of Butter Breakfast Potatoes,414,475.03294395610146,61.03294395610146
Ginger-Cinnamon Cranberry Sauce,74,129.17638144223986,55.17638144223986
Warm Broccoli Caesar Salad,858,499.5453466035724,358.4546533964276
Ukrainian Beet Green &#34;Cabbage&#34; Rolls,356,518.229083325053,162.229083325053
5-ingredient Creamy Tortellini and Sausage,809,595.3277828592542,213.67221714074583
Healthier Carrot Oatmeal Cookies,199,181.4489837828587,17.551016217141296
Nancy&#39;s White Chili,396,296.71663759541207,99.28336240458793
"Red, White and Blue Deviled Eggs",55,227.8025417372201,172.8025417372201
Basic Flaky Pie Crust,184,290.32980393024826,106.32980393024826
Mediterranean Kale,91,149.42166275363718,58.42166275363718
Keto Open-Faced Chicken Cordon Bleu,606,592.4034089633858,13.5965910366142
Szybka Surowka z Czerwonej Kapusty (Polish Red Cabbage Slaw),107,183.78595490211163,76.78595490211163
Creamy Iced Applesauce Bars,203,169.2994768500219,33.700523149978096
Watermelon Chutney,30,244.04123427038883,214.04123427038883
Linguine with Clam Sauce,878,503.9762157456793,374.0237842543207
Crispy and Creamy Doughnuts,331,346.2210412378389,15.221041237838904
Tuscan Style Ribs (Rosticciana),1150,552.8674376205067,597.1325623794933
Healthy Mexican Soup,304,231.6718957989945,72.32810420100549
Gingerbread I,211,169.60683543152032,41.393164568479676
Fried Beef Empanadas with Olives and Sofrito,374,478.853124731807,104.85312473180699
Easy Slow Cooker Apple Pork Roast,527,406.1084582619753,120.89154173802473
Quick and Easy Spanish Rice,235,263.2469573167547,28.246957316754674
Cascadia Fideua,636,384.7380997889138,251.26190021108619
Sun-Dried Tomato and Goat Cheese Sous Vide Egg Bites,153,271.26101965254924,118.26101965254924
Best Ever Russian Beef Stroganoff,496,412.55134801908275,83.44865198091725
Southern Baked Corn,360,339.99644393948034,20.003556060519657
Christmas Eve Manicotti,505,464.22003329928606,40.77996670071394
"Soft, Chewy Rosh Hashanah Honey-Walnut Cookies",181,211.47468379199134,30.47468379199134
"Baked Mushroom, Spinach, and Chicken Gnocchi",452,529.4691639972783,77.46916399727832
Indian Rice Pilaf,188,217.92600947572024,29.926009475720235
Grandma&#39;s Hash Brown Casserole,338,500.4937495390856,162.49374953908563
Black Bean &amp; Beef Empanadas,290,479.09220302815896,189.09220302815896
Smoked Mac and Cheese Is Perfect for All Your Summertime Barbecue Needs,190,422.94928006419667,232.94928006419667
Garlic Shrimp Aguachile,338,419.44529512148097,81.44529512148097
Hidden Veggie Meatloaf,310,341.54256928704285,31.542569287042852
Cheesy Italian Pull Apart Bread,222,353.3350209292912,131.3350209292912
Mascarpone Frosting,88,372.84345574194106,284.84345574194106
Teenie&#39;s Accidental Rhubarb Raspberry Pie,377,317.0094679698596,59.9905320301404
Lobster Ravioli in Tomato Cream Sauce with Shrimp,606,594.0444427137941,11.95555728620593
Grandma&#39;s Apple Pie &#39;Ala Mode&#39; Moonshine,150,319.27307543797883,169.27307543797883
Crab and Swiss Omelet,796,381.8186202288162,414.1813797711838
Baked Feta Dip,356,401.9324296807374,45.932429680737414
Kale Banana Smoothie,371,332.343316062502,38.656683937497974
Gulab Jamun or Kala Jam (Waffle Balls),187,337.80379165266226,150.80379165266226
Chili Cheese Fries,509,446.85304024105335,62.14695975894665
A Firefighter&#39;s Meatloaf,526,280.53273450110464,245.46726549889536
Lemon Raspberry White Chocolate Mousse Cake,520,333.1880486721186,186.8119513278814
Veggie Pizza,196,251.71927254360259,55.719272543602585
Pancetta Wrapped Shrimp with Chipotle Vinaigrette and Cilantro Oil,839,370.3640127988773,468.6359872011227
One-Pan Creamy Chicken and Vegetable Pasta,343,535.2791763259688,192.27917632596882
Jalapeno-Infused Tequila,52,84.84085661275671,32.84085661275671
Green Beans with a Kick,113,122.40189600969138,9.401896009691384
Homemade Best-O Pesto Ever,178,200.63185623242032,22.63185623242032
Best Grilled Cheese,510,558.4541670017925,48.454167001792484
Elegant Penne with Asparagus and Shrimp,638,417.89406411942423,220.10593588057577
Damson Plum Cardamom Jam,42,192.96438383247965,150.96438383247965
Easter Brunch Casserole,573,545.1037050731601,27.896294926839914
Curry Mashed Potatoes,230,172.45599002411765,57.54400997588235
Caramel Flan,406,427.2457856157621,21.245785615762088
Chocolate Wafer Crust,167,266.91138882136363,99.91138882136363
White Chocolate Cranberry Oatmeal Cookies,134,218.15747570694015,84.15747570694015
Mini No-Bake Cheesecakes,192,433.093003295005,241.09300329500502
Peanut Butter and Preserves Oatmeal,588,295.8397317482644,292.1602682517356
Chef John&#39;s Cheese Blintzes,452,402.30243972311996,49.69756027688004
Sausage Risotto,497,546.7123456260424,49.712345626042406
Apple Yogurt Pancakes,369,342.17390295323804,26.82609704676196
Hot Honey Jalapeño Cornbread,483,434.68724505578314,48.31275494421686
Lime Creams,52,231.9967158570268,179.9967158570268
Broccoli and Rice Stir Fry,187,228.409923357465,41.409923357465004
Super Lemon Ice Cream,315,334.76556163836517,19.76556163836517
Fried Chicken with Creamy Gravy,507,635.6961518526876,128.69615185268765
Mexican Bean and Rice Salad,162,205.73093621540914,43.730936215409145
Omelet in a Bag,484,276.8533210323873,207.14667896761267
Garlicky Shrimp Primavera with Shishito Peppers,367,478.63597161987434,111.63597161987434
Easy Meatballs,245,300.71588843436695,55.715888434366946
Flax Seed Smoothie,273,211.8616582968957,61.13834170310429
Pizza Dough Pretzels,221,246.9222428633637,25.922242863363692
Fried Ice Cream,372,417.1654294039342,45.16542940393418
California Sushi Roll,37,288.6121054640454,251.61210546404538
Apple and Pear Crumble,395,219.28597516187358,175.71402483812642
Barbadian Plain Cake,530,347.81229289650344,182.18770710349656
Slow Cooker Mississippi Chicken Noodle Soup,217,363.2854899806848,146.28548998068482
Kimchi-Bokkeumbap (Kimchi Fried Rice),317,422.54501584402124,105.54501584402124
Crying Tiger Steak,786,440.5129657106959,345.4870342893041
Baked Pork Spring Rolls,154,216.77319551172582,62.77319551172582
Flamin’ Hot Cheetos Fried Chicken,636,457.07391171053706,178.92608828946294
Pumpkin Bread with Raisins and Pecans,262,319.47649539529766,57.47649539529766
Malted Milk Ball Brownies,399,292.32480599517874,106.67519400482126
Restaurant-Style House Salad,352,350.88574485568574,1.1142551443142565
Big Mac Pickle,467,532.3301411780255,65.33014117802554
Easy Beef Stroganoff,602,581.836221181177,20.163778818822948
Bacon Chili without Beans,332,421.5852137537112,89.58521375371117
Potato Kugel,119,261.35494925847087,142.35494925847087
Jack O&#39;Lantern Onigiri,74,227.02103327623266,153.02103327623266
"Slow Cooker, Easy Baked Potato Soup",336,361.6938310432785,25.69383104327852
Banana Pumpkin Bread,328,367.3244528815909,39.3244528815909
Blueberry and Vanilla Custard Tart,347,400.8331492618008,53.83314926180083
Herb-Glazed Roasted Turkey,1003,633.6141882868683,369.3858117131317
Roasted Tomatillo and Garlic Salsa,13,92.05896698135476,79.05896698135476
Rice Waffles,623,384.4824124283493,238.51758757165072
Red Velvet Cake with Buttercream Frosting,529,452.4581131573585,76.54188684264147
Peanut Butter Sandwich Cookies,294,407.99147841160726,113.99147841160726
Pumpkin Parfait,72,159.33481391166282,87.33481391166282
Sour Milk Spice Cake,278,279.1217030011926,1.1217030011926
Grilled Garlic Bread,145,263.3407889224868,118.34078892248681
Curried Chicken Tea Sandwiches,529,487.0851136971827,41.91488630281731
Tortilla Española (Spanish Tortilla),477,498.0452153262584,21.045215326258415
Homemade Mince Pie with Crumbly Topping,559,361.6757733414324,197.32422665856762
Guavarita (Guava Margarita),342,273.5549412646316,68.44505873536838
Strawberry Cheese Pie,421,421.3189040653061,0.31890406530612836
Egg Roll-Inspired Casserole,487,504.8155344377621,17.815534437762096
Quick Potato Salad,160,217.53157333752958,57.53157333752958
Carolyn&#39;s KOOL-AID Pickles,69,124.74377508829787,55.743775088297866
Watermelon Tajin Skewers,119,123.77900987137266,4.779009871372665
Sous Vide Blade Roast with Au Jus,182,384.30461482449226,202.30461482449226
Veal Stew,711,231.22495170958246,479.77504829041754
Classic Pear Crisp,449,290.6542865791548,158.3457134208452
Mexican Botana Platter,671,806.0807891539131,135.0807891539131
Potato Rolls,125,259.56823469923256,134.56823469923256
Honey Roasted Carrots,204,165.78113797691594,38.21886202308406
Basmati Rice,175,188.7493263561478,13.749326356147805
Spiced Chai Overnight Oats,246,211.80951387698923,34.19048612301077
Leftover Ham -n- Potato Casserole,591,437.96022245467697,153.03977754532303
Smoked Prime Rib Roast,358,501.1090841473258,143.1090841473258
Deviled Egg Dip,254,268.13902062566297,14.139020625662965
Chef John&#39;s Salmon,496,365.5843713125396,130.4156286874604
Dump and Bake Meatball Casserole,362,511.4653990276729,149.4653990276729
Chocolate Beet Cake with Beet-Vanilla Glaze,518,540.7154136248039,22.715413624803887
Bread Machine Monkey Bread,389,273.8470206538923,115.15297934610771
Southern Smothered Pork Chops in Brown Gravy,359,381.1132645737804,22.113264573780384
Easy Authentic Masala Chai,99,280.5476898690229,181.54768986902292
Light and Easy Greek Potato Salad,105,207.40715106027844,102.40715106027844
Honey and Flaxseed Bread,174,158.6995733021177,15.300426697882301
Holiday Roast Turkey Cordon Bleu,400,527.2815000802041,127.28150008020407
Chicken Fiesta Salad,311,396.26565247518005,85.26565247518005
Jalapeno Popper Potato Skins,445,318.70444478473934,126.29555521526066
Pork for Tamales,32,333.2996471906988,301.2996471906988
Brioche French Toast Casserole,356,627.1919985307171,271.1919985307171
Santa Hats,29,168.19838428478167,139.19838428478167
Teriyaki Chicken Thigh Skewers,352,368.7496423283894,16.749642328389427
Chocolate-Covered Oreos® for Valentine&#39;s Day,366,236.03094398309008,129.96905601690992
Iowa City Oatmeal Cookie (Cocktail),161,279.79046612790944,118.79046612790944
Easy Indian Coconut Ladoo,121,196.9486791175068,75.9486791175068
Mexican Pot Roast,213,436.2473437299942,223.2473437299942
The Potluck Pasta Salad Everyone Will Be Begging You to Bring Next Time,324,592.7833962763835,268.78339627638354
Cheese Fondue,670,306.09348881646054,363.90651118353946
Artichoke Cheese Dip,216,164.40769089509502,51.592309104904984
Angel Biscuits,167,178.16293372867432,11.162933728674318
Tunisian Harissa,2,128.43556927003493,126.43556927003493
Spicy Corn Salsa,91,27.516881039176155,63.483118960823845
Peanut Butter Cup Brownies,628,338.75658128630863,289.24341871369137
Turkey and Provolone Sandwiches,576,624.0037498282973,48.00374982829726
Eastern North Carolina BBQ Sauce,4,104.17788006821195,100.17788006821195
Mom&#39;s Pumpkin Pie,345,384.57978717955746,39.57978717955746
Fabulous Homemade Bread for the Food Processor,171,156.87504653773047,14.12495346226953
Chocolate Mousse,156,214.88980925663512,58.88980925663512
Butternut Squash and Parsnip Soup,273,254.26909353606285,18.730906463937146
Chef John&#39;s Gingerbread Biscotti,160,254.9435154266693,94.94351542666931
Okinawan-Style Pad Thai,597,546.3699812622042,50.63001873779581
Slow-Roasted Winter Vegetables,247,370.5818616263514,123.58186162635138
Beef Empanadas,535,372.48341127134677,162.51658872865323
Delicious Raspberry Oatmeal Cookie Bars,292,181.20035851063463,110.79964148936537
Baked Turkey Curry Empanadas,201,570.9724727301519,369.97247273015194
Japanese Air-Fried Pork Tonkatsu,331,546.8478433616706,215.84784336167058
Berry Baked Oatmeal,307,284.0326597456505,22.967340254349494
Best Mashed Potatoes,257,244.72518732461427,12.274812675385732
Early Autumn Smoked Pork Chops,330,428.78912069031884,98.78912069031884
Slow Cooker Baked Beans,364,253.45494204682933,110.54505795317067
Best Buckwheat Pancakes,560,209.53115138253418,350.4688486174658
Coconut Rum Punch,958,251.78114704287842,706.2188529571216
